SetsPlayed,AttackKills,AttackErrors,AttackTotalAttempts,AttackPCT,Assists,AssistErrors,AssistTotalAttempts,AssistPCT,ServeAces,ServeErrors,ServeTotalAttempts,ServePCT,BlockingDig,BallHandlingErrors,BlockSolos,BlockAssists,BlockErrors,ReceptO,ReceptErrors,ReceptPCT,TotalTeamBlocks,winrate,Set_win_ratio,SetsPlayed,AttackKills,AttackErrors,AttackTotalAttempts,AttackPCT,Assists,AssistErrors,AssistTotalAttempts,AssistPCT,ServeAces,ServeErrors,ServeTotalAttempts,ServePCT,BlockingDig,BallHandlingErrors,BlockSolos,BlockAssists,BlockErrors,ReceptO,ReceptErrors,ReceptPCT,TotalTeamBlocks,winrate,Set_win_ratio,winner
3.0,46.0,23.0,114.0,0.202,45.0,0.0,114.0,0.395,1.0,7.0,56.0,0.875,37.0,1.0,0.0,2.0,0.0,69.0,2.0,0.972,1.0,0.0,0.0,3.0000000000000004,44.42105263157895,13.0,100.8421052631579,0.3262105263157895,41.31578947368421,0.0,99.26315789473686,0.41973684210526324,1.5263157894736843,4.894736842105264,65.47368421052632,0.9192105263157895,34.89473684210527,0.4736842105263158,1.0526315789473684,14.631578947368421,1.0526315789473684,57.94736842105263,1.4736842105263157,0.9762105263157895,8.368421052631579,0.5263157894736842,0.5263157894736842,0.0
3.552486187845304,51.48706019191626,21.72346612387322,138.87641756324513,0.23845245710962493,48.78889211980228,0.0,137.41378307647574,0.36762867112532716,3.9979645245710964,4.196859552195406,83.09508578075022,0.9429092759523119,56.03460308229136,1.0261703983716197,3.349810991567316,17.36493166618203,1.0235533585344576,74.69642337888922,3.9744111660366386,0.9540820005815646,11.886885722593778,0.5045071241640012,0.4972375690607735,3.0,43.0,4.0,89.0,0.438,38.0,0.0,86.0,0.442,2.0,3.0,74.0,0.959,33.0,0.0,2.0,26.0,2.0,48.0,1.0,0.98,15.0,1.0,1.0,1.0
4.13945095494911,56.19822476998629,21.87828427156452,153.92997680121394,0.23954950817293022,53.14290196111909,0.0,151.63052251690823,0.3605656384788255,3.5719493169483463,4.885346349125724,88.77619253925332,0.9401075744996894,63.17015146438335,1.3783728409869407,3.0158848725560707,17.729161108846487,1.5902373020259988,79.57879584001161,3.6006308703919894,0.9579543408620899,11.591280927268498,0.5048136947534889,0.5090287455795321,4.0,52.0,25.0,164.0,0.165,52.0,0.0,165.0,0.315,6.0,6.0,95.0,0.937,67.0,1.0,9.0,21.0,1.0,93.0,6.0,0.939,19.0,0.25,0.0,1.0
3.5263157894736845,54.94736842105264,28.263157894736846,146.63157894736844,0.1851578947368421,51.8421052631579,0.0,144.5263157894737,0.3644736842105264,3.6315789473684212,3.8421052631578947,79.15789473684211,0.9355263157894737,59.63157894736843,1.5263157894736843,0.5263157894736842,10.421052631578949,0.5263157894736842,76.36842105263158,4.105263157894737,0.9514736842105264,5.736842105263158,0.39473684210526316,0.5263157894736842,4.092929170943783,56.07942088812832,22.28761274658128,154.93659910257318,0.22921751911773158,52.84941337618156,0.0,152.3507632633408,0.3539330593239417,3.7323081784281467,5.625925646879788,89.41272027550863,0.9342247891469075,64.55316441042842,1.2345868444203185,3.361750602629921,18.451611855394667,1.0597233567535242,78.84139982528487,3.7163048680656297,0.9559854906334716,12.394845940301348,0.5075973764390282,0.5147958206234272,0.0
5.0,61.0,30.0,196.0,0.158,59.0,0.0,193.0,0.306,4.0,8.0,85.0,0.906,71.0,4.0,2.0,13.0,4.0,102.0,2.0,0.981,8.0,0.4,0.0,4.065820376200324,56.48614783771109,20.637665181486952,154.40237169339247,0.24017780633550315,53.185056278220706,0.5834291744592991,147.21252552321658,0.3676017588981089,3.6415103950560934,5.596867998442561,88.37111979102474,0.93461981685354,66.55662758800071,1.150801040602863,3.102688681624893,16.431401972081407,1.3186623702919742,78.33494343398289,3.676235681753915,0.956020430025995,11.112805270888439,0.5015427610751197,0.502802964253602,0.0
4.048392301727008,57.56984895191435,20.008937540900927,155.4246397709525,0.2474331450944633,54.06976285327228,0.5543706440328795,143.5468508847823,0.3817267352239927,3.443777932149472,5.829033463390663,88.7466748806026,0.9328948779588947,66.63221704023911,0.985448362717171,2.8107161713834903,17.20907281233298,1.7638509139757628,78.92911608910077,3.525052230025385,0.9582168948683905,11.264103302302356,0.49765028675200573,0.4950928319537684,4.052631578947369,54.578947368421055,9.789473684210527,125.31578947368423,0.3737894736842105,49.578947368421055,0.0,121.78947368421053,0.41463157894736846,2.0,3.5263157894736845,91.89473684210527,0.9611052631578947,55.631578947368425,0.0,2.526315789473684,24.421052631578952,1.4736842105263157,61.15789473684211,2.578947368421053,0.9631578947368422,14.473684210526317,0.7894736842105263,1.0,1.0
3.790111372200309,54.65468064858519,17.86730185775509,142.45749035533632,0.26980994059012997,51.75754711577155,0.41779641985433325,133.6225986243471,0.39491591735377,3.6197070684115533,5.391400786032009,83.01316305184186,0.9343081661538565,60.25265712013057,0.7426742420908737,2.5980226414015215,14.784739211773939,1.9516910349406533,73.46184859446662,3.6031611134765784,0.9542606148819645,9.876479963617335,0.5047122927168617,0.5027848900483692,4.0,57.26315789473685,25.0,159.78947368421055,0.20289473684210527,54.63157894736843,0.0,157.10526315789474,0.34921052631578947,5.473684210526316,7.578947368421053,94.47368421052632,0.9196315789473685,70.15789473684211,0.4736842105263158,6.894736842105264,19.421052631578952,0.4736842105263158,83.52631578947368,4.421052631578948,0.9511052631578948,16.36842105263158,0.5131578947368421,0.5263157894736842,1.0
3.6058453445459437,49.65357665952675,17.812327678351604,130.71458268981996,0.24886489210875926,47.18660912608754,0.4308303053847065,123.92784802754551,0.38570511228101423,3.610201284455151,5.766550667016979,78.4685329365401,0.923262905483247,54.89115512297611,0.8149610224289663,2.691769894867401,13.202434504852896,1.7297421645245372,68.46889252087671,3.560690636855042,0.95125395856962,9.205640946268316,0.5097505577904777,0.5082726548329242,4.0,49.0,21.0,158.0,0.177,47.0,0.0,158.0,0.297,3.0,5.0,87.0,0.943,61.0,2.0,3.0,22.0,0.0,80.0,5.0,0.941,14.0,0.25,0.0,1.0
3.693960313160644,51.401795339390176,20.042761582925948,140.16766961290554,0.23158728672995843,48.4626856295255,0.6757307973937681,134.76871250189328,0.3680043517514583,3.4855541784994215,5.618716999939077,82.41129983886267,0.9286753292061993,59.0571254458859,0.8445612659187666,2.9489323144169837,13.42779776532,1.8842875929867258,72.84692162336826,3.4235798174131866,0.9549034800347023,9.595011614995254,0.510512282620907,0.5123062751912831,4.0,53.0,14.0,145.0,0.269,48.0,0.0,122.0,0.393,1.0,6.0,86.0,0.93,64.0,1.0,2.0,26.0,3.0,82.0,5.0,0.943,15.0,0.25,0.0,1.0
3.543859043437369,49.447907019534384,18.804036876390786,135.6802464961909,0.2324962055621825,46.80299582593732,0.529572510303875,128.85350612388214,0.37070142620832924,3.2894581903690026,5.154753659121372,78.44038195785157,0.931750939007488,58.21373502532165,0.6618855192379078,2.6298411367928494,12.936825413930837,2.04592418663434,69.41928604859127,3.206736576276735,0.9566433458993717,9.045103408008853,0.5139305277275736,0.5153364857697775,4.473684210526316,65.21052631578948,26.315789473684212,183.89473684210526,0.21484210526315792,62.68421052631579,0.5263157894736842,168.26315789473688,0.38284210526315793,4.526315789473684,7.473684210526316,89.73684210526316,0.9165263157894737,70.47368421052632,1.8947368421052633,2.0,12.473684210526319,3.473684210526316,89.89473684210527,1.4736842105263157,0.9846842105263158,8.0,0.5842105263157895,0.5263157894736842,1.0
3.429238308753956,47.66747269413236,18.368366299134596,131.2774223513917,0.2284205697497719,44.847893867014264,0.5288861417701167,122.36208355431587,0.3732046671087342,3.2284535774264085,5.8431408293567415,76.82791869572115,0.9205557954321933,56.371730083690906,0.6222212486273433,2.50819163149386,12.850308667877483,1.8365833108642093,67.1457283530594,3.1631659148255533,0.9553874313700838,8.83593551501836,0.5165407772356323,0.5176504233093655,4.0,57.0,19.0,155.0,0.245,54.0,2.0,139.0,0.388,2.0,6.0,83.0,0.928,70.0,0.0,2.0,12.0,1.0,79.0,5.0,0.94,8.0,0.25,0.0,1.0
3.340613765506546,45.62796892058987,18.303176765038327,126.61261718919195,0.21929255198812625,43.184077303041036,0.5283554428702038,117.62546441830654,0.37279293820816434,3.1921517283363645,5.951595081727107,74.77702135776995,0.9161269185438697,53.93688221377298,0.689354165370093,2.1967963255652685,12.805147690445107,1.9572582961441445,64.9531454246259,3.1186103522638633,0.9546771639000502,8.522071990176682,0.5185590174000527,0.5194395555995696,3.701107011070111,56.073800738007385,23.0,148.24354243542436,0.22421402214022143,52.63837638376384,0.7380073800738007,139.16605166051662,0.38311808118081186,4.136531365313654,4.269372693726938,82.78966789667898,0.9386531365313654,64.56457564575646,1.7011070110701108,1.4391143911439115,10.634686346863468,1.4391143911439115,75.86346863468636,3.328413284132841,0.9597859778597787,6.571955719557197,0.525830258302583,0.7011070110701106,1.0
3.4745509406248103,48.9749029757608,17.974325852958064,131.65180604154907,0.2352692335919888,46.20423764857407,0.5279411402962956,119.85037978247306,0.388026535119745,3.4738432177590357,5.758303274231498,77.74088495381937,0.9217351568928022,56.36580957927076,0.6562371569141764,2.1568222670529384,12.620221389523255,1.869723526744286,67.84916178234458,3.3831676489142337,0.9533636345522396,8.405335897501056,0.5174619197141519,0.5208362837876535,3.6642066420664205,52.88929889298893,9.129151291512915,115.60516605166053,0.39231734317343175,48.996309963099634,0.0,113.380073800738,0.4405977859778598,3.8450184501845017,4.070110701107011,85.29151291512916,0.9503653136531365,51.708487084870846,0.0,1.96309963099631,20.57564575645757,2.03690036900369,57.778597785977865,1.996309963099631,0.9697416974169742,12.084870848708487,0.8671586715867159,1.0,1.0
3.379406922223386,47.365440576664916,17.71566709607857,126.25555117235416,0.2351308362155746,44.84425829793256,0.7386602588319227,117.147344934854,0.38445455469704976,3.304975346302716,5.9122842078411075,76.14668472073822,0.9186858946662976,53.3905988077036,0.714606861789166,2.1253805410232895,12.263722015137803,1.906395263316267,66.34932757549004,3.1797183233215347,0.9556860890961509,8.1552330010909,0.5192370563227015,0.5219348848970221,3.0,41.0,15.0,107.0,0.243,41.0,0.0,108.0,0.38,1.0,3.0,56.0,0.946,36.0,0.0,3.0,0.0,2.0,62.0,7.0,0.899,3.0,0.0,0.0,1.0
4.0,58.0,32.0,173.0,0.15,55.0,1.0,174.0,0.316,2.0,3.0,94.0,0.968,83.0,2.0,7.0,10.0,4.0,87.0,4.0,0.956,12.0,0.25,0.0,3.3041284660506083,45.48635004286689,17.55278561309853,121.077492546855,0.2294867165651918,43.16256008626336,0.5921020368701412,113.36918899061088,0.3814613018493872,3.35933437259233,6.1385415177881875,74.12302953659237,0.913673075467646,50.85907062225227,0.6772478669875878,2.518210766491997,11.208899692218516,1.8100980112315856,64.03484159460547,3.227601672525286,0.9532630152614424,8.040891669394279,0.520641553900506,0.5228041039698812,0.0
3.6378013285948834,49.53288888419885,19.421937098749357,132.83653738290909,0.2266260128988683,46.57898282467495,0.6827139774062561,126.01319838728469,0.37311714244665256,3.2886331866161687,5.966304556744512,80.27074710821388,0.9209552375499819,55.453609129360004,0.8235959010260407,2.499094322618208,12.669356209845153,2.023507185381386,70.50022242719952,3.182819682810231,0.9565457614878043,8.768092012739938,0.5155446469915417,0.5131394712868769,3.0,32.0,17.0,115.0,0.13,31.0,0.0,101.0,0.307,2.0,9.0,59.0,0.847,33.0,2.0,1.0,20.0,4.0,66.0,4.0,0.943,11.0,0.0,0.0,1.0
3.9040234696957175,52.97744282005421,20.265223231377792,139.04013493988418,0.23397136555859802,50.08653095934595,0.7344368825289805,129.21987754465064,0.38833822695374287,3.232223981008552,6.847207091281828,85.28887349875585,0.9170964176799241,56.65071840218551,0.6626359259683229,2.3192648326796386,13.999164267303588,2.121773896365106,74.804905626562,3.147090204860505,0.9588871885385847,9.26600284408007,0.5135352778014857,0.5157145931932132,3.473684210526316,50.89473684210527,12.421052631578949,130.78947368421052,0.2968947368421053,46.94736842105264,0.0,113.57894736842107,0.4145789473684211,2.578947368421053,4.421052631578948,79.6842105263158,0.9452631578947369,60.8421052631579,0.4736842105263158,1.4736842105263157,19.684210526315795,4.052631578947369,64.10526315789474,2.8947368421052633,0.9624736842105264,11.31578947368421,0.6447368421052633,0.5263157894736842,1.0
3.7283002474944564,50.07637220635031,19.45661414893098,130.38758111157802,0.2357058819814557,47.17448637313947,0.5916777398433596,121.50428076416868,0.3902674255902157,3.688377841029444,6.28353920866811,81.25306727898736,0.9204537332676982,52.145588540238485,0.5338333849273675,2.482276915809919,13.487802903397995,1.8014197907690048,70.76086785891076,3.5891008585463635,0.949374312851964,9.183606035479473,0.5160195415044795,0.5177752436431616,3.788019773189881,60.995638266938066,22.12765338761268,151.37132887467288,0.2558470485606281,57.10526315789474,0.8141901715615004,139.1177667926723,0.4139066589124745,4.678394882233206,4.481826112241931,86.63099738296017,0.9413710380924688,67.01744693224775,1.4972375690607735,1.6022099447513811,10.450130851991858,1.6022099447513811,75.3216051177668,3.232916545507415,0.9601389938935737,6.696423378889212,0.5910148298924106,0.7880197731898807,1.0
3.0,41.0,22.0,119.0,0.16,37.0,0.0,97.0,0.381,3.0,10.0,65.0,0.846,50.0,1.0,1.0,12.0,0.0,66.0,3.0,0.957,7.0,0.0,0.0,3.587351161028844,48.99207523201862,18.278356612836728,127.46052782130802,0.24159930765812848,45.84711203041675,0.4771694210560652,110.75226458876297,0.43273149929932264,3.5551550003534085,6.055505600918879,78.28074555842933,0.9213030217664451,51.36365804711515,0.4305197746557583,2.5926585461982,12.649829000937254,1.9518959194657926,67.09949013165482,3.4750912476285105,0.9484971876257783,8.88323980466777,0.518012190484451,0.519428108841095,0.0
3.666930696227671,50.98300869235652,18.41752590136046,130.99527420782633,0.24826394847890268,47.52090082081716,0.7606980342982934,117.07275677199053,0.4225825033107714,3.7322938184204943,6.420352292991384,81.291911595032,0.9201788311001784,52.460779441059714,0.5504943475896487,2.5798643123476723,12.524509152752927,2.265673606021912,69.88171068292598,3.67782042684592,0.9483505546114606,8.814406829634418,0.512001023943421,0.5106063751482324,4.0,50.0,13.0,143.0,0.259,47.0,0.0,117.0,0.402,3.0,5.0,82.0,0.939,58.0,0.0,2.0,14.0,1.0,85.0,6.0,0.934,9.0,0.25,0.0,1.0
3.0,30.0,19.0,97.0,0.113,29.0,0.0,96.0,0.302,2.0,6.0,57.0,0.895,38.0,0.0,2.0,8.0,3.0,61.0,5.0,0.924,6.0,0.0,0.0,3.538678360912655,49.31628213175683,18.397961747978574,128.57722194086082,0.23972152396067076,45.639403408527315,0.6144140202018824,116.36040433494446,0.40544666864097484,3.2068673161447836,5.762610534128836,78.34111999474086,0.9265511458259468,51.64344580792647,0.6369353376130665,2.1849621205142618,13.779882388858933,2.3866439400384007,68.18385808718986,3.162869285385786,0.9550845723650777,9.052520349738497,0.514753786890347,0.5136273323257418,0.0
3.6271878137613562,51.21459789429655,18.836602841960133,133.73759370179417,0.24130983745515946,47.75846688178832,0.6984907100141995,124.16764003211878,0.3969897890020919,3.167177625887728,5.505218411456134,80.40633510938552,0.93127221177637,54.498882378149204,0.7065931465988738,2.270650299061638,13.761526726585075,2.1105036554942345,70.89521911761656,3.1316210843174943,0.9569162669082023,9.13332510659257,0.5093986345203062,0.505963820458988,3.0,42.0,23.0,110.0,0.173,41.0,0.0,109.0,0.376,0.0,6.0,64.0,0.906,41.0,2.0,2.0,4.0,1.0,63.0,5.0,0.926,4.0,0.0,0.0,1.0
3.507078651594269,48.1295910497685,18.404252114731406,126.2587029611305,0.2340136556102838,44.85152364908193,0.5647267367345448,117.83605274919606,0.3901782231025833,3.457695946959014,5.509258650029032,77.09310546574208,0.9273799169118634,51.540858957718484,0.672069257825993,1.9366027428292019,13.283078356585602,1.8978374322062113,67.29686178674952,3.3583944207740966,0.9522454864340117,8.56351740153851,0.5126383424086265,0.5098613100038594,3.0,29.0,25.0,100.0,0.04,29.0,1.0,101.0,0.287,2.0,7.0,53.0,0.868,32.0,0.0,3.0,8.0,1.0,61.0,5.0,0.924,7.0,0.0,0.0,1.0
3.601333421241954,48.86967768879581,18.47791289329579,127.81948013270211,0.23653711703560204,45.55420509677336,0.5573819240220678,120.24251428462496,0.38678275642670795,4.165235569089559,6.086170213328144,79.2290054872215,0.9228086471470293,52.38345694167725,0.6341347333927265,2.039301662613385,13.561062192540238,2.007948924878358,68.27669240125279,4.024537942514503,0.9452644257181693,8.757684519541055,0.512737689465057,0.513007680468675,3.6309963099630997,49.785977859778605,19.833948339483396,132.1918819188192,0.24094095940959406,47.38745387453875,0.0,130.1291512915129,0.37422509225092254,5.2988929889298895,7.365313653136532,86.54981549815498,0.9138634686346864,59.76752767527675,1.03690036900369,5.4575645756457565,15.206642066420665,0.6678966789667897,68.94095940959409,3.5276752767527677,0.953280442804428,12.911439114391145,0.6928044280442804,0.7011070110701106,1.0
3.929889298892989,56.276752767527675,21.033210332103323,156.99630996309963,0.23187453874538747,53.57564575645756,0.7011070110701106,142.7047970479705,0.383269372693727,3.96309963099631,7.2988929889298895,84.6678966789668,0.913380073800738,62.54981549815498,1.1955719557195572,2.3690036900369003,12.66789667896679,2.929889298892989,75.91143911439116,2.03690036900369,0.9700405904059041,8.3690036900369,0.7376383763837638,0.7011070110701106,3.486488184673074,44.88389711079991,17.58249465927491,118.79728051880309,0.22443268125782753,42.10110965068787,0.4509307329485303,113.4011778604986,0.37544560356831025,4.465387727716094,6.672821340832069,75.52641211070271,0.9088028213111425,48.711676592226844,0.9754079796435573,1.850863177122212,12.418572239563327,1.7249802723254943,63.65027734178249,4.2610948947925165,0.9386199406493037,7.959611371222824,0.5153308932561019,0.5155493202195607,0.0
3.584464437125635,47.95879299069013,18.013620433527205,129.56072986291423,0.22608737945228982,45.13456214016579,0.5556912224191153,124.7623820720022,0.36747767631653294,4.085377685519493,6.725203960353062,78.81010176230431,0.911963479613166,54.95251076340753,0.9801000508342222,2.3814139885597427,13.232441056560445,1.7774530713221786,67.4726814943645,3.9301051288337026,0.9448481519547558,8.87109023198571,0.509895332474142,0.5075616041946663,3.0000000000000004,43.10526315789474,15.0,104.89473684210527,0.26826315789473687,42.05263157894737,0.0,103.78947368421052,0.40631578947368424,3.105263157894737,5.631578947368421,65.47368421052632,0.917578947368421,39.684210526315795,0.5263157894736842,4.578947368421052,3.1578947368421053,0.9473684210526316,55.15789473684212,4.36842105263158,0.9316315789473685,6.157894736842105,0.5263157894736842,0.5263157894736842,1.0
3.4730394224281014,47.68569888425587,17.007630906304602,125.34995290179454,0.24432243723327796,45.018603231016584,0.4497516670034787,121.27573977425081,0.3779322688911827,3.978795529229384,6.556845923381187,77.11043518865866,0.9117396616704829,52.14203038272775,0.893588511757058,2.6297851710413864,12.636261338536428,2.1911358112424946,65.94771550276283,3.8430909252308743,0.9447667277562254,8.845496545624325,0.5130258046573809,0.5111369891755418,3.0,35.0,18.0,121.0,0.14,35.0,0.0,109.0,0.321,1.0,4.0,53.0,0.925,52.0,0.0,2.0,8.0,0.0,67.0,4.0,0.944,6.0,0.0,0.0,1.0
3.763958739068832,50.342693411492284,19.192164312618615,135.64165006231312,0.23302021820100227,47.2812658859791,0.7551352738162831,132.57429514058083,0.36599243546433735,3.6017917927933407,6.641276447017561,82.15326444629268,0.9156097257779081,57.72032314919141,1.1946312286842171,3.0211980399945633,13.979049483524285,2.144692803076496,71.37250766941342,3.491941877671623,0.9513791604559749,9.927816598056944,0.5115468510257797,0.5140288819165997,3.471067170689154,49.14132015120675,9.673160802558884,111.06746147135796,0.362565280604827,45.79877871474266,0.8723466123873219,110.65251526606573,0.4186152951439372,4.180866530968305,4.922070369293399,82.29892410584472,0.9377554521663275,48.885431811573135,0.0,1.9738296016283803,19.535911602209943,2.3169526025007268,57.84297760977029,1.4158185519046236,0.9785402733352718,11.47862750799651,0.9057865658621693,1.0,1.0
3.808906296205173,51.3498159962199,18.65446017980754,133.49497408276272,0.2500040559172664,48.009440846537224,0.7015406704897107,130.82128996713905,0.37617646631665186,3.567374997427098,6.960141333795116,82.95592492884832,0.9125571055467758,55.36824358887454,1.247769183446592,2.546116429002693,13.441838261779726,2.3276069712873633,71.75257440214263,3.508509677094521,0.9510463816892517,9.199916575490498,0.5118536299294614,0.516368585056942,3.473684210526316,49.63157894736843,19.0,127.63157894736842,0.2386842105263158,47.68421052631579,1.4736842105263157,117.42105263157896,0.4095789473684211,3.0526315789473686,4.947368421052632,78.26315789473684,0.9374736842105265,62.10526315789474,0.0,1.4736842105263157,8.842105263157896,1.0,62.684210526315795,3.4210526315789473,0.9505263157894738,5.894736842105263,0.6447368421052633,0.5263157894736842,1.0
3.6549374162630683,49.91076496741726,17.63828667138297,128.52199250792654,0.2568055075716631,47.005843611126146,0.7683680325546123,123.34180416034975,0.39345398559659095,3.5695777062063114,6.597062023113061,79.8887875148429,0.9149455475477647,52.362876631611144,1.0102662433621477,2.4421675102144538,11.845019492265667,2.0749075432678303,69.09480923435424,3.4918629240598986,0.94999568104842,8.310333836803254,0.5146063869756288,0.5182619563037549,4.0,54.0,24.0,155.0,0.194,51.0,2.0,158.0,0.323,3.0,3.0,82.0,0.963,67.0,1.0,5.0,8.0,0.0,88.0,3.0,0.967,9.0,0.25,0.0,1.0
3.5263157894736845,48.42105263157895,17.947368421052634,128.05263157894737,0.21563157894736842,46.89473684210526,0.0,127.57894736842105,0.35568421052631577,2.526315789473684,6.000000000000001,78.05263157894738,0.9176315789473685,52.736842105263165,0.5263157894736842,0.9473684210526316,14.31578947368421,2.473684210526316,68.89473684210527,3.947368421052632,0.9440000000000001,8.105263157894738,0.39473684210526316,0.5263157894736842,3.720594876750622,49.30684056432607,18.39811819813482,130.2553369500513,0.24359322962741067,46.58411947248929,0.8224568368613799,126.60160626723231,0.38009828806916307,3.651477153088292,5.9226385625384035,80.11024022879717,0.9241092319742825,53.45552050035692,1.4589687788163648,2.2779166032106657,12.11485856063919,1.7802462073879373,69.83787707328062,3.588549703670968,0.9494557156873349,8.291342764817545,0.5143307722714651,0.5197944152200517,0.0
3.963968792506822,52.161907033169065,19.633932788701873,139.82810940495796,0.2388148822384334,49.476546998156856,0.8662416609735164,137.36999720813805,0.37208015981481346,3.7978690928005063,5.917330977915872,84.64464072720827,0.9277928209185249,57.06322515566792,1.561886052206206,2.144955685224171,12.923989414329,1.7219306728926844,74.31395781116576,3.776947384316367,0.9501599600238126,8.526264616701718,0.5106035310536944,0.5110231348267599,3.473684210526316,48.94736842105264,14.05263157894737,129.31578947368422,0.27110526315789474,44.36842105263159,0.0,113.8421052631579,0.3893684210526316,1.9473684210526319,3.947368421052632,77.78947368421053,0.9495263157894738,54.8421052631579,0.5263157894736842,1.4736842105263157,17.157894736842106,1.0,68.15789473684211,3.368421052631579,0.9587368421052632,10.05263157894737,0.6447368421052633,0.5263157894736842,1.0
3.7806396416838646,48.027196027386296,19.253121882547816,128.87030385947014,0.2254673076132829,45.382092844519526,0.9717565125942285,127.26004268196695,0.3659690933512716,4.036501860643122,5.172326609251415,79.55730055398689,0.934318416920494,52.18655513207507,1.354930058288238,1.8371201205432768,13.569047459232923,1.4945466922157964,69.529736872362,3.999539958306428,0.9416514419423966,8.556303026358329,0.5135917138828882,0.5139315167287907,3.0,36.0,22.0,120.0,0.117,33.0,0.0,116.0,0.284,1.0,3.0,57.0,0.947,44.0,1.0,0.0,18.0,5.0,70.0,1.0,0.986,9.0,0.0,0.0,1.0
4.012497464312408,50.7040995116079,20.886292070211656,136.28067845115288,0.22152546994242153,47.911451799823794,0.8870572557515383,134.88653407539397,0.3631928180156107,4.119630811854498,5.239636621423486,83.73464485016144,0.9363995275570787,54.88319565407053,1.2974488824193717,1.5778667511565219,14.972013712149712,1.4905797520523238,73.70231458083225,4.099704849181219,0.9437592985142452,9.010957150871493,0.5120080632058076,0.5162863501411498,3.5955898512856828,59.043149129447386,19.410344069741885,143.71062977705063,0.2788386608385631,54.39342140607067,0.6153695880442479,123.21638055236747,0.4647218627139752,4.268540450782642,5.09674977412029,83.30238577812509,0.932245244316378,62.861883714683394,1.1316207174427977,2.1877365632096892,10.828600034187199,2.1877365632096892,68.89401968205904,3.1760396571512297,0.9557095553222142,7.503137896510464,0.6908866694342017,0.8397841322556225,1.0
3.820002332734468,48.198750806146684,19.657126407789328,130.3536357864604,0.2208652169528697,45.186568603955365,0.9885799891459518,120.40902129923651,0.4006396459792348,4.206955673504644,5.314152353327041,79.90266128916792,0.932461149617314,53.03422995718527,1.0507790366765226,1.478009500005356,13.866638502225921,1.4873675864877036,68.69573779585933,4.160799208263824,0.9386118064874283,8.36847272511867,0.5147282355989171,0.5181931383673113,3.0,35.0,16.0,110.0,0.173,34.0,0.0,57.0,0.596,3.0,3.0,58.0,0.948,46.0,0.0,2.0,6.0,1.0,55.0,3.0,0.948,5.0,0.0,0.0,1.0
3.5263157894736845,52.578947368421055,20.421052631578945,135.31578947368422,0.23,45.94736842105264,1.5789473684210527,121.21052631578948,0.379421052631579,4.052631578947369,9.473684210526317,81.31578947368422,0.8775789473684211,53.15789473684211,0.4736842105263158,1.5263157894736843,12.000000000000002,1.0526315789473684,73.89473684210527,3.5263157894736845,0.9548947368421052,7.526315789473685,0.39473684210526316,0.5263157894736842,4.0443157350236785,51.332578660825604,20.402650765381534,139.97132624179432,0.22206143284582447,48.42276303103285,0.8907001143541886,118.11014050420239,0.4336448643415891,4.617842632498266,5.354483875603444,83.80313524703891,0.9347847104640402,58.87068843600669,0.8510296411397508,1.4671821998378276,14.712406438376911,1.6948730600561395,71.21482612448747,4.6304857381280256,0.9361343058519266,8.788676172691765,0.5129289576497695,0.519737225746315,0.0
4.225970423305754,52.089699966563074,22.31693407860681,144.82877114327593,0.20846417079357635,49.53289442828535,1.0215208728204885,127.8332109462959,0.4123435831958646,4.770515295798486,5.807318098625622,87.42202727052072,0.9331049249188628,60.70601213164732,1.0894320161382587,1.6785044560924691,15.4573554623751,2.5031794720508267,74.65542358465919,4.810767561437797,0.9370791761746597,9.379070409957464,0.5094710341497832,0.5109835542348918,3.29889298892989,46.505535055350556,11.158671586715869,114.26199261992619,0.3161217712177122,43.276752767527675,0.0,101.55719557195573,0.4302324723247233,4.210332103321034,3.896678966789668,77.58671586715867,0.9503321033210332,50.568265682656836,0.2988929889298893,3.143911439114391,19.062730627306276,2.5571955719557193,57.05535055350554,3.3025830258302586,0.9460627306273064,12.675276752767529,0.775830258302583,0.7011070110701106,1.0
3.9929584523061297,48.00129557662429,21.066300155536037,132.50720167111345,0.20410452662647027,45.440281689282706,1.0274338759533594,118.3417403051407,0.40294517281539366,4.464015328283994,5.833936523546392,81.62991337522102,0.9224514416847687,54.43978323735238,0.8823709838941227,1.4495123574392008,14.300072561311241,2.2274835684824468,69.23908952046257,4.436597129888612,0.9412055067267852,8.576779877632793,0.512672603750822,0.5138976492937167,3.0,37.0,24.0,104.0,0.125,33.0,0.0,99.0,0.333,4.0,5.0,54.0,0.907,34.0,0.0,0.0,4.0,1.0,64.0,7.0,0.901,2.0,0.0,0.0,1.0
3.804245446393015,47.13081462954698,20.033424537114012,126.04909146174717,0.22038905885762053,44.76644642038836,0.922193053798696,114.65581547360034,0.407286761000605,4.3858313279959455,5.285340615903548,78.91949877655166,0.9284572876710852,50.175074138069796,0.7146752657959032,1.7541871869099401,14.103005621450675,2.1742473315074697,67.41317002163575,4.34361859689057,0.9407663419964798,8.787248468808901,0.5152655084005712,0.5162577324933405,4.052631578947369,47.26315789473684,18.052631578947366,137.10526315789474,0.20263157894736844,44.15789473684211,0.0,117.31578947368422,0.368578947368421,2.526315789473684,9.526315789473685,83.21052631578948,0.8775263157894737,44.05263157894737,0.9473684210526316,2.0526315789473686,24.210526315789476,3.473684210526316,80.21052631578948,3.473684210526316,0.9566842105263158,14.157894736842104,0.3157894736842105,0.5263157894736842,1.0
3.6514054199298998,44.35535348244521,19.536965411402825,118.058018238284,0.21609419935738852,42.34029154754053,0.7469380848351345,107.1095618696293,0.4125834335983903,4.0424483552532555,5.89125827644012,75.72409589495831,0.9148474296066361,46.61103139937934,0.5788572925308099,1.5108384559045913,14.203456499330422,1.7610500654547299,64.09394255096119,3.9782512400305636,0.9440414525452899,8.597629832898438,0.5173655206035798,0.5181691809223468,5.0,74.0,29.0,173.0,0.26,74.0,2.0,154.0,0.481,3.0,11.0,107.0,0.897,70.0,0.0,0.0,10.0,2.0,92.0,3.0,0.968,5.0,0.4,0.0,1.0
3.5276164839151853,44.48785976966901,18.36473454016747,116.65674679792684,0.2287585426166998,42.1656052402598,0.6049947298035478,104.9083555793694,0.41642326072719055,3.6443127119416276,5.351823743237428,73.49612340322258,0.922197718720477,46.45490780518762,0.5588708700657871,1.6137973693394405,12.864562828015496,2.2965453165849268,62.93588853200713,3.6123187474207303,0.9476142088121591,8.033980418798118,0.5190663726790739,0.5197173105108401,3.0000000000000004,39.36842105263159,15.631578947368421,98.94736842105263,0.24773684210526317,37.31578947368421,0.0,95.8421052631579,0.39126315789473687,4.2105263157894735,6.000000000000001,69.26315789473684,0.9128421052631579,40.47368421052632,1.4736842105263157,1.4736842105263157,10.315789473684212,1.0,53.526315789473685,2.8947368421052633,0.9533684210526315,6.631578947368421,0.5263157894736842,0.5263157894736842,1.0
3.0,33.0,25.0,101.0,0.079,31.0,0.0,99.0,0.313,1.0,5.0,51.0,0.902,38.0,0.0,0.0,6.0,1.0,60.0,8.0,0.882,3.0,0.0,0.0,3.4273549803751107,43.39500976308819,17.955376299667066,115.21175777997682,0.22617404905532573,41.22400527461696,0.4900292518605275,106.27596405381941,0.40105063766001975,3.5418786136543643,5.284967648794875,71.60158839184028,0.9217200836988475,47.298596257449475,0.4526701818277123,1.5971734862789337,11.980169120708206,2.0601678238192833,61.347842078568846,3.475958639400212,0.9488076802113753,7.577458700892219,0.5204439593348638,0.5209712012478828,0.0
3.7261922309934126,48.03049611730332,19.474031128134115,126.71285915218839,0.22841123948673292,45.52194329015059,0.39691288260926894,119.375051770294,0.3940502037100824,3.7289433964611427,5.220816347153122,77.858013007748,0.9275739474665703,52.13242420644606,0.5466737616889527,1.7737310233295425,12.443990840400643,2.2487578337832197,67.7324933819253,3.6655485104939554,0.9499343517848899,7.987789189680415,0.5155590398912828,0.5119856297292593,3.4475138121546967,46.068043035766216,16.97441116603664,117.59697586507707,0.26654696132596684,44.07618493748183,0.0,116.42483280023264,0.3916065716778133,6.665891247455655,8.712997964524572,83.19133469031696,0.8923852864204711,52.85635359116023,1.0261703983716197,4.452166327420762,13.401861006106428,0.7644664146554231,59.362314626344876,2.7926722884559467,0.9590145391102065,10.901715615004361,0.7821314335562664,0.7880197731898807,1.0
3.5882027297290295,44.25434672285929,17.87381471966234,114.96631119614669,0.23696390832947736,41.92243554532535,0.32149234190513876,109.182833395461,0.3988711183934332,4.310498844160374,4.718814029829529,72.62449834458702,0.9321553283089626,46.56674017629605,0.6228129075584403,1.5366998370362188,11.25952118596265,2.0014705889613023,62.28280711757272,4.1491397733765805,0.93975586769894,7.1600313962417195,0.5176030145398011,0.5147086161669787,3.0,18.0,18.0,79.0,0.0,18.0,0.0,86.0,0.209,1.0,6.0,43.0,0.86,30.0,4.0,0.0,6.0,0.0,53.0,10.0,0.841,3.0,0.0,0.0,1.0
3.8564646465619203,45.936148960750444,20.02795401954568,125.97355057118372,0.21835934850084726,43.18726914338276,0.2604041434062038,121.10900355433844,0.3768039248784,4.731536137274321,4.772243434272256,76.94617287282018,0.9350560368985474,52.73952976954105,0.8844983896283827,1.444719861208705,13.500382863529678,2.101198774087323,66.4393904027255,4.590836863748014,0.9375020811486591,8.189703868674098,0.515258263160297,0.5169141471067508,3.8564646465619203,45.936148960750444,20.02795401954568,125.97355057118372,0.21835934850084726,43.18726914338276,0.2604041434062038,121.10900355433844,0.3768039248784,4.731536137274321,4.772243434272256,76.94617287282018,0.9350560368985474,52.73952976954105,0.8844983896283827,1.444719861208705,13.500382863529678,2.101198774087323,66.4393904027255,4.590836863748014,0.9375020811486591,8.189703868674098,0.515258263160297,0.5169141471067508,1.0
3.693726322166233,44.428187611485654,18.912573932807376,119.61818381332057,0.22760164256898247,41.63159201518001,0.5009421982354331,115.9379738075946,0.37711119811138466,4.42252520408914,4.695512447178408,74.39624268697975,0.932815251623189,49.188800020335755,0.9864499863848286,1.1702061490805116,13.075283889299907,1.9819636497681243,64.25577148894627,4.268557973851448,0.9408768939686893,7.703630141101927,0.5173593228028933,0.5187005693852466,4.526315789473684,66.94736842105263,28.842105263157894,178.78947368421055,0.21105263157894738,62.89473684210527,0.4736842105263158,179.78947368421055,0.34863157894736846,2.526315789473684,6.684210526315789,101.36842105263159,0.9358947368421053,81.42105263157895,2.526315789473684,5.421052631578948,18.42105263157895,4.526315789473684,93.31578947368422,3.473684210526316,0.9638947368421052,14.631578947368421,0.4342105263157895,0.5263157894736842,1.0
3.561911732867005,42.67674442824655,17.959137232847706,115.280512092139,0.2267672887799084,40.02150906041727,0.585767420131733,112.19957193898304,0.3712897795159644,4.352241902555741,5.973428952427837,72.87088033890743,0.912079317433662,47.8728622459572,0.8990201192306185,1.0378603661185335,12.980975236790426,2.0753952260184425,61.567040523385614,4.207528908589552,0.9385001653258407,7.479929233730594,0.5190611365269222,0.5201475335212565,4.0,53.21052631578947,22.57894736842106,165.8947368421053,0.1843684210526316,49.10526315789475,1.0526315789473684,164.84210526315792,0.29752631578947364,3.5263157894736845,6.052631578947369,92.78947368421053,0.9356315789473685,63.10526315789474,0.9473684210526316,1.9473684210526319,19.894736842105264,0.5263157894736842,84.73684210526316,3.4210526315789473,0.9604736842105264,11.894736842105264,0.5131578947368421,0.5263157894736842,1.0
3.455144181269697,43.08817964332669,17.876897829245866,114.89719927668628,0.22914160003278702,40.267432294836674,0.47446710445076545,108.8315169190249,0.3838652305095468,4.325314850961694,6.168485348084031,73.0854217599597,0.9105741861878851,47.28699470110073,0.8182030247964593,0.930662556784981,13.474609925991507,1.9810663142853469,61.689307773781096,4.128095200181871,0.9407352243975393,7.578746679824149,0.5204395763912438,0.5213195495998424,3.455144181269697,43.08817964332669,17.876897829245866,114.89719927668628,0.22914160003278702,40.267432294836674,0.47446710445076545,108.8315169190249,0.3838652305095468,4.325314850961694,6.168485348084031,73.0854217599597,0.9105741861878851,47.28699470110073,0.8182030247964593,0.930662556784981,13.474609925991507,1.9810663142853469,61.689307773781096,4.128095200181871,0.9407352243975393,7.578746679824149,0.5204395763912438,0.5213195495998424,1.0
3.368663950981673,44.11145906632046,17.40027161223351,118.22684059921623,0.23309482566014117,41.276653253040465,0.3843153983638537,109.69355697229868,0.3873409506880294,4.183500378920009,6.146472410103095,73.36920093121151,0.9122451456060384,49.28253114522429,0.842745254870271,1.1538439895280066,13.054420261256462,1.9046612091063464,62.32836025247602,3.9937527068083596,0.9426155934227868,7.608785795695756,0.5215560934895693,0.5222688663057238,3.5263157894736845,41.10526315789473,19.736842105263158,117.36842105263159,0.1652631578947369,39.526315789473685,1.0,115.73684210526316,0.33594736842105266,6.210526315789474,8.05263157894737,74.05263157894737,0.8864210526315791,44.10526315789474,0.0,2.473684210526316,13.789473684210527,1.5263157894736843,66.26315789473685,4.473684210526316,0.9361052631578948,9.105263157894738,0.39473684210526316,0.5263157894736842,1.0
3.2986159397219867,41.970224969546614,16.97420868908189,113.06360374257147,0.22850668691733106,39.28403620826662,0.311293533111831,105.94168149250073,0.3810660033859254,4.248637037045966,5.618628631914365,70.60897943893723,0.9146486317808461,46.73878266211355,1.0526292312569363,1.0246101988874223,12.334061277875433,1.8327736699425372,59.80590480456024,4.084942114633007,0.936298462880633,7.133103859735917,0.522460459747784,0.5230378021316476,4.0,52.0,23.0,136.0,0.213,48.0,0.0,132.0,0.364,4.0,8.0,83.0,0.904,57.0,1.0,3.0,10.0,3.0,74.0,10.0,0.881,8.0,0.25,0.0,1.0
3.24187769046652,42.61589611677515,15.629080098073715,108.82142776219892,0.26068110862713384,39.86008172216144,0.5321525135425995,102.75269339869791,0.4002138747039404,3.821386807832584,5.501086662966545,69.53325020151173,0.9160554220092015,43.41834251792849,0.9426273106561563,1.2199384635342925,11.150564172454756,1.854547141103876,59.28277163662332,3.6887945898444716,0.9418918752740875,6.747805836801967,0.5231929881558581,0.523660633126677,3.24187769046652,42.61589611677515,15.629080098073715,108.82142776219892,0.26068110862713384,39.86008172216144,0.5321525135425995,102.75269339869791,0.4002138747039404,3.821386807832584,5.501086662966545,69.53325020151173,0.9160554220092015,43.41834251792849,0.9426273106561563,1.2199384635342925,11.150564172454756,1.854547141103876,59.28277163662332,3.6887945898444716,0.9418918752740875,6.747805836801967,0.5231929881558581,0.523660633126677,1.0
3.1959201283784884,40.92884645448508,14.409533626484071,103.82526941966039,0.2673618144121959,38.20663738048567,0.4310417739193388,98.41960614052047,0.3985532095698904,3.995326345577205,5.415878712089582,66.41187826728242,0.912194824549077,41.50882416247209,0.763525000427381,1.188149601480382,9.431927029112611,1.5921786120151495,55.93898675374706,3.797925519591512,0.9408724012057037,5.865707355537746,0.5237863307463871,0.5241651216242961,3.1959201283784884,40.92884645448508,14.409533626484071,103.82526941966039,0.2673618144121959,38.20663738048567,0.4310417739193388,98.41960614052047,0.3985532095698904,3.995326345577205,5.415878712089582,66.41187826728242,0.912194824549077,41.50882416247209,0.763525000427381,1.188149601480382,9.431927029112611,1.5921786120151495,55.93898675374706,3.797925519591512,0.9408724012057037,5.865707355537746,0.5237863307463871,0.5241651216242961,1.0
3.5387001426063174,45.72243329352456,16.341749512256754,118.70867832139216,0.26004296636236346,42.76744065765502,0.5491455040052328,116.14013111349836,0.3842978985262579,4.096215764054042,5.636864876192678,73.91372729122214,0.9170378762483808,47.28222906792597,1.0984599782268265,1.152400672573793,11.179885567442991,1.8596684515697308,63.40068459849182,3.9263214832829725,0.9435266824439665,6.711234893297045,0.520266878224628,0.5245737542838634,3.5387001426063174,45.72243329352456,16.341749512256754,118.70867832139216,0.26004296636236346,42.76744065765502,0.5491455040052328,116.14013111349836,0.3842978985262579,4.096215764054042,5.636864876192678,73.91372729122214,0.9170378762483808,47.28222906792597,1.0984599782268265,1.152400672573793,11.179885567442991,1.8596684515697308,63.40068459849182,3.9263214832829725,0.9435266824439665,6.711234893297045,0.520266878224628,0.5245737542838634,1.0
3.436345945212541,43.395144357972434,15.46680710100157,111.41394603373539,0.26360484347934515,40.81160457003987,0.5448078086478484,108.02341339691516,0.3958114294498087,4.007933759483996,5.995864654451781,71.1400873926148,0.9073305687696667,44.148569715350405,1.2597544265740113,1.1234442137020868,10.415698572058941,1.7063296925250508,60.25451855210957,3.8203191894489863,0.9432666098059916,6.306095631284746,0.5214161845028997,0.524904744754412,3.436345945212541,43.395144357972434,15.46680710100157,111.41394603373539,0.26360484347934515,40.81160457003987,0.5448078086478484,108.02341339691516,0.3958114294498087,4.007933759483996,5.995864654451781,71.1400873926148,0.9073305687696667,44.148569715350405,1.2597544265740113,1.1234442137020868,10.415698572058941,1.7063296925250508,60.25451855210957,3.8203191894489863,0.9432666098059916,6.306095631284746,0.5214161845028997,0.524904744754412,0.0
3.3534394477929896,42.67006021467271,15.188111170700369,110.78529046510307,0.2588098788102455,40.00739225361069,0.5412942924647236,105.10893785941505,0.39634726281690524,3.6164227192467266,6.016650562612284,69.58345637145548,0.9049777389129618,44.32034306029328,1.2104006284403181,0.9999886697291039,9.936711407282178,1.6621266415637237,59.46615272584763,3.484455432889406,0.9477659956134069,5.947934144268458,0.5123470254543561,0.5151727531193316,3.3534394477929896,42.67006021467271,15.188111170700369,110.78529046510307,0.2588098788102455,40.00739225361069,0.5412942924647236,105.10893785941505,0.39634726281690524,3.6164227192467266,6.016650562612284,69.58345637145548,0.9049777389129618,44.32034306029328,1.2104006284403181,0.9999886697291039,9.936711407282178,1.6621266415637237,59.46615272584763,3.484455432889406,0.9477659956134069,5.947934144268458,0.5123470254543561,0.5151727531193316,1.0
3.666288299617929,45.32276867377048,16.372378932316686,117.83613817024394,0.2551359742756825,42.496006394320034,0.6184489556893822,114.01830650174693,0.38744121607099224,4.079305875011331,6.9734941336919265,74.64263761345812,0.901051939069234,47.509501803024875,0.9804227838064389,1.2099923978704925,10.10873753039099,1.4463209607520526,62.967609974900974,3.952412411124314,0.9443104305241654,6.247828906585059,0.5110010805211214,0.5172899459092536,5.0,59.0,29.0,182.0,0.165,59.0,1.0,179.0,0.33,2.0,7.0,102.0,0.931,73.0,3.0,1.0,26.0,3.0,96.0,2.0,0.98,14.0,0.4,0.0,1.0
3.7296939079681124,47.34145489209114,17.301632581689763,123.40730577051863,0.2513501161589293,44.58177785337278,0.6809440338532485,120.74486913967398,0.3814073483533335,4.164238274842081,6.89852979277743,77.77055547336894,0.9062121020012731,49.17270656674108,1.274144239651123,1.0800930529552264,11.188083958153118,1.551520617443946,66.20378374394343,4.051454654830598,0.9447814515866844,6.660743923369093,0.5114108777121983,0.5190048666070328,3.6002295426241115,51.30455910722571,10.729750189250568,111.5393763278064,0.36902048790017333,47.55727576860149,0.6593245586188371,110.98156333178677,0.43189572904202583,3.6483113965470926,4.94110033943005,84.91206563942272,0.9397687235964932,49.64599155087788,0.24419428096993967,1.7360259822714952,18.184073648995142,2.97213743254133,58.858098703328366,2.291055163488071,0.9654660447852311,10.62916656491905,0.8677443774266806,1.0,1.0
3.5910513830721857,44.88656637992511,15.884315415302503,114.53987402967775,0.2616736448999111,42.16122814757473,0.6515645228186789,112.16330176568393,0.38820998564797027,4.1730330459089,6.267806027802505,73.17412731035715,0.9116518293947213,45.31987335587432,1.2220565777481445,0.9748748550223011,10.242343351281455,1.4467311843684934,62.025044265336426,4.001678025418146,0.9446529751528688,6.0851997451691044,0.5142428248853872,0.5203939487885936,3.5910513830721857,44.88656637992511,15.884315415302503,114.53987402967775,0.2616736448999111,42.16122814757473,0.6515645228186789,112.16330176568393,0.38820998564797027,4.1730330459089,6.267806027802505,73.17412731035715,0.9116518293947213,45.31987335587432,1.2220565777481445,0.9748748550223011,10.242343351281455,1.4467311843684934,62.025044265336426,4.001678025418146,0.9446529751528688,6.0851997451691044,0.5142428248853872,0.5203939487885936,1.0
3.668751930059065,46.70812602979396,16.136296490973898,118.43731350205243,0.2650356657723756,43.940601893406615,0.9077682848966836,116.24229069200491,0.3879300872589785,3.880155599564818,7.2569268258711395,76.06105463077023,0.9035179493821939,46.59910251819114,0.9898649022919931,0.979648651599871,10.32629844924374,1.6418530372353517,64.25029472638076,3.6913579634284215,0.9497689302697222,6.089011808784617,0.5140366873353501,0.5215191030044394,3.668751930059065,46.70812602979396,16.136296490973898,118.43731350205243,0.2650356657723756,43.940601893406615,0.9077682848966836,116.24229069200491,0.3879300872589785,3.880155599564818,7.2569268258711395,76.06105463077023,0.9035179493821939,46.59910251819114,0.9898649022919931,0.979648651599871,10.32629844924374,1.6418530372353517,64.25029472638076,3.6913579634284215,0.9497689302697222,6.089011808784617,0.5140366873353501,0.5215191030044394,1.0
3.7316892665879857,48.103586590418566,17.15040343248966,126.4142496961519,0.25326885127768534,45.18189154208902,0.7352917537971625,124.14628098445313,0.37505332909755257,3.4429246237211153,7.648111992188762,78.66946267411517,0.901599532804538,51.62528927052838,1.3717918041924415,1.093515775500852,10.844303416652906,1.829901567415602,66.88274722920517,3.2599985574113766,0.9562528544566613,6.472100802204146,0.5138697162024427,0.5224304763766449,3.7316892665879857,48.103586590418566,17.15040343248966,126.4142496961519,0.25326885127768534,45.18189154208902,0.7352917537971625,124.14628098445313,0.37505332909755257,3.4429246237211153,7.648111992188762,78.66946267411517,0.901599532804538,51.62528927052838,1.3717918041924415,1.093515775500852,10.844303416652906,1.829901567415602,66.88274722920517,3.2599985574113766,0.9562528544566613,6.472100802204146,0.5138697162024427,0.5224304763766449,0.0
