SetsPlayed,AttackKills,AttackErrors,AttackTotalAttempts,AttackPCT,Assists,AssistErrors,AssistTotalAttempts,AssistPCT,ServeAces,ServeErrors,ServeTotalAttempts,ServePCT,BlockingDig,BallHandlingErrors,BlockSolos,BlockAssists,BlockErrors,ReceptO,ReceptErrors,ReceptPCT,TotalTeamBlocks,winrate,Set_win_ratio,SetsPlayed.1,AttackKills.1,AttackErrors.1,AttackTotalAttempts.1,AttackPCT.1,Assists.1,AssistErrors.1,AssistTotalAttempts.1,AssistPCT.1,ServeAces.1,ServeErrors.1,ServeTotalAttempts.1,ServePCT.1,BlockingDig.1,BallHandlingErrors.1,BlockSolos.1,BlockAssists.1,BlockErrors.1,ReceptO.1,ReceptErrors.1,ReceptPCT.1,TotalTeamBlocks.1,winrate.1,Set_win_ratio.1,winner
3.0,46.0,23.0,114.0,0.20199999999999999,45.0,0.0,114.0,0.395,1.0,7.0,56.0,0.875,37.0,1.0,0.0,2.0,0.0,69.0,2.0,0.972,1.0,0.0,0.0,3.0000000000000004,44.42105263157895,13.0,100.8421052631579,0.3262105263157895,41.31578947368421,0.0,99.26315789473686,0.4197368421052632,1.5263157894736843,4.894736842105264,65.47368421052633,0.9192105263157896,34.89473684210527,0.4736842105263158,1.0526315789473684,14.63157894736842,1.0526315789473684,57.94736842105264,1.4736842105263157,0.9762105263157896,8.368421052631579,0.5263157894736842,0.5263157894736842,0.0
3.0,43.0,4.0,89.0,0.43799999999999994,38.0,0.0,86.0,0.442,2.0,3.0,74.0,0.9590000000000001,33.0,0.0,2.0,26.0,2.0,48.0,1.0,0.98,15.0,1.0,1.0,3.5524861878453033,51.48706019191626,21.72346612387322,138.87641756324513,0.2384524571096249,48.788892119802284,0.0,137.41378307647574,0.3676286711253272,3.997964524571096,4.196859552195406,83.09508578075021,0.942909275952312,56.034603082291355,1.0261703983716195,3.3498109915673164,17.36493166618203,1.0235533585344576,74.69642337888922,3.974411166036639,0.9540820005815646,11.886885722593776,0.5045071241640012,0.4972375690607735,0.0
4.13945095494911,56.19822476998629,21.87828427156452,153.92997680121394,0.23954950817293025,53.14290196111909,0.0,151.63052251690826,0.3605656384788255,3.5719493169483463,4.885346349125724,88.77619253925332,0.9401075744996894,63.17015146438335,1.378372840986941,3.0158848725560707,17.729161108846487,1.5902373020259988,79.57879584001161,3.6006308703919894,0.95795434086209,11.591280927268498,0.5048136947534889,0.5090287455795321,4.0,52.0,25.0,164.0,0.165,52.0,0.0,165.0,0.315,6.0,6.0,95.0,0.937,67.0,1.0,9.0,21.0,1.0,93.0,6.0,0.9390000000000001,19.0,0.25,0.0,1.0
3.5263157894736845,54.94736842105264,28.263157894736853,146.63157894736844,0.1851578947368421,51.842105263157904,0.0,144.5263157894737,0.3644736842105264,3.631578947368421,3.842105263157895,79.15789473684211,0.9355263157894737,59.63157894736843,1.5263157894736843,0.5263157894736842,10.421052631578947,0.5263157894736842,76.36842105263158,4.105263157894736,0.9514736842105264,5.736842105263157,0.3947368421052632,0.5263157894736842,4.0929291709437825,56.07942088812832,22.28761274658128,154.93659910257318,0.2292175191177316,52.849413376181566,0.0,152.3507632633408,0.3539330593239417,3.732308178428146,5.6259256468797885,89.41272027550863,0.9342247891469077,64.55316441042842,1.2345868444203183,3.3617506026299213,18.451611855394667,1.0597233567535242,78.84139982528487,3.7163048680656297,0.9559854906334716,12.394845940301346,0.5075973764390282,0.5147958206234272,0.0
5.0,61.0,30.0,196.0,0.158,59.0,0.0,193.0,0.306,4.0,8.0,85.0,0.9059999999999999,71.0,4.0,2.0,13.0,4.0,102.0,2.0,0.981,8.0,0.4,0.0,4.065820376200324,56.486147837711094,20.637665181486952,154.40237169339247,0.24017780633550315,53.18505627822071,0.5834291744592991,147.21252552321658,0.3676017588981089,3.641510395056093,5.596867998442562,88.37111979102474,0.9346198168535401,66.55662758800071,1.150801040602863,3.102688681624893,16.43140197208141,1.3186623702919742,78.33494343398289,3.676235681753915,0.9560204300259949,11.11280527088844,0.5015427610751197,0.502802964253602,0.0
4.0483923017270085,57.56984895191435,20.008937540900927,155.4246397709525,0.2474331450944633,54.06976285327229,0.5543706440328795,143.54685088478232,0.3817267352239927,3.4437779321494717,5.829033463390663,88.74667488060258,0.9328948779588948,66.63221704023911,0.9854483627171708,2.8107161713834903,17.20907281233298,1.7638509139757628,78.92911608910076,3.525052230025385,0.9582168948683903,11.264103302302356,0.4976502867520057,0.4950928319537684,4.052631578947369,54.57894736842106,9.789473684210527,125.31578947368423,0.3737894736842105,49.57894736842106,0.0,121.7894736842105,0.4146315789473685,2.0,3.5263157894736845,91.89473684210527,0.9611052631578948,55.631578947368425,0.0,2.526315789473684,24.421052631578952,1.4736842105263157,61.15789473684211,2.578947368421053,0.9631578947368422,14.473684210526313,0.7894736842105263,1.0,1.0
4.0,57.26315789473685,25.0,159.78947368421058,0.20289473684210527,54.63157894736843,0.0,157.10526315789474,0.3492105263157895,5.473684210526316,7.578947368421053,94.47368421052632,0.9196315789473684,70.15789473684211,0.4736842105263158,6.894736842105264,19.421052631578952,0.4736842105263158,83.52631578947368,4.421052631578949,0.9511052631578948,16.368421052631582,0.5131578947368421,0.5263157894736842,3.7901113722003084,54.654680648585185,17.867301857755088,142.4574903553363,0.26980994059013,51.75754711577155,0.4177964198543333,133.6225986243471,0.39491591735376996,3.619707068411553,5.391400786032009,83.01316305184186,0.9343081661538564,60.252657120130564,0.7426742420908737,2.598022641401521,14.784739211773939,1.951691034940653,73.46184859446663,3.6031611134765775,0.9542606148819645,9.876479963617335,0.5047122927168617,0.5027848900483692,0.0
3.605845344545944,49.65357665952675,17.812327678351604,130.71458268981993,0.2488648921087593,47.18660912608754,0.4308303053847065,123.92784802754551,0.38570511228101423,3.6102012844551514,5.766550667016978,78.4685329365401,0.9232629054832471,54.891155122976116,0.8149610224289663,2.691769894867401,13.202434504852894,1.7297421645245372,68.46889252087671,3.560690636855042,0.9512539585696199,9.205640946268316,0.5097505577904777,0.5082726548329242,4.0,49.0,21.0,158.0,0.177,47.0,0.0,158.0,0.297,3.0,5.0,87.0,0.943,61.0,2.0,3.0,22.0,0.0,80.0,5.0,0.941,14.0,0.25,0.0,1.0
4.0,53.0,14.0,145.0,0.26899999999999996,48.0,0.0,122.0,0.39299999999999996,1.0,6.0,86.0,0.93,64.0,1.0,2.0,26.0,3.0,82.0,5.0,0.943,15.0,0.25,0.0,3.6939603131606438,51.40179533939018,20.042761582925948,140.16766961290554,0.23158728672995846,48.4626856295255,0.6757307973937681,134.76871250189328,0.3680043517514583,3.485554178499421,5.6187169999390765,82.41129983886267,0.9286753292061992,59.057125445885895,0.8445612659187666,2.948932314416984,13.427797765320001,1.8842875929867255,72.84692162336826,3.4235798174131866,0.9549034800347024,9.595011614995254,0.5105122826209071,0.5123062751912831,0.0
4.473684210526316,65.21052631578948,26.315789473684212,183.8947368421053,0.21484210526315792,62.68421052631579,0.5263157894736842,168.26315789473688,0.3828421052631579,4.526315789473684,7.473684210526316,89.73684210526315,0.9165263157894736,70.47368421052632,1.8947368421052635,2.0,12.47368421052632,3.4736842105263164,89.89473684210527,1.4736842105263157,0.9846842105263158,8.0,0.5842105263157895,0.5263157894736842,3.5438590434373687,49.44790701953438,18.804036876390786,135.6802464961909,0.2324962055621825,46.802995825937316,0.529572510303875,128.85350612388214,0.3707014262083293,3.2894581903690026,5.154753659121372,78.44038195785156,0.9317509390074878,58.21373502532165,0.6618855192379078,2.6298411367928494,12.936825413930835,2.04592418663434,69.41928604859127,3.206736576276735,0.9566433458993716,9.045103408008853,0.5139305277275736,0.5153364857697775,0.0
4.0,57.0,19.0,155.0,0.245,54.0,2.0,139.0,0.38799999999999996,2.0,6.0,83.0,0.9279999999999999,70.0,0.0,2.0,12.0,1.0,79.0,5.0,0.94,8.0,0.25,0.0,3.429238308753956,47.66747269413236,18.368366299134603,131.2774223513917,0.2284205697497719,44.84789386701426,0.5288861417701167,122.36208355431587,0.3732046671087342,3.2284535774264085,5.8431408293567415,76.82791869572115,0.9205557954321932,56.3717300836909,0.6222212486273433,2.50819163149386,12.850308667877483,1.8365833108642091,67.1457283530594,3.1631659148255533,0.9553874313700838,8.83593551501836,0.5165407772356323,0.5176504233093655,0.0
3.3406137655065464,45.627968920589865,18.303176765038327,126.61261718919195,0.21929255198812625,43.184077303041036,0.5283554428702038,117.62546441830654,0.3727929382081643,3.1921517283363645,5.951595081727108,74.77702135776995,0.9161269185438696,53.936882213772975,0.689354165370093,2.1967963255652685,12.805147690445109,1.9572582961441445,64.9531454246259,3.1186103522638637,0.9546771639000502,8.522071990176682,0.5185590174000527,0.5194395555995696,3.7011070110701114,56.073800738007385,23.0,148.24354243542436,0.22421402214022146,52.63837638376385,0.7380073800738007,139.16605166051662,0.3831180811808119,4.136531365313654,4.269372693726938,82.78966789667898,0.9386531365313654,64.56457564575646,1.7011070110701108,1.4391143911439117,10.634686346863466,1.4391143911439117,75.86346863468636,3.328413284132841,0.9597859778597788,6.571955719557197,0.5258302583025829,0.7011070110701106,1.0
3.4745509406248103,48.97490297576079,17.974325852958067,131.65180604154907,0.2352692335919888,46.204237648574065,0.5279411402962956,119.85037978247307,0.388026535119745,3.473843217759036,5.758303274231497,77.74088495381937,0.9217351568928022,56.36580957927075,0.6562371569141764,2.1568222670529384,12.620221389523255,1.8697235267442858,67.84916178234458,3.3831676489142337,0.9533636345522396,8.405335897501056,0.5174619197141519,0.5208362837876535,3.664206642066421,52.88929889298893,9.129151291512915,115.60516605166052,0.39231734317343175,48.996309963099634,0.0,113.38007380073799,0.4405977859778598,3.8450184501845017,4.070110701107011,85.29151291512916,0.9503653136531364,51.70848708487085,0.0,1.96309963099631,20.57564575645757,2.03690036900369,57.77859778597786,1.9963099630996308,0.9697416974169742,12.084870848708489,0.8671586715867159,1.0,1.0
3.379406922223386,47.36544057666492,17.71566709607857,126.25555117235416,0.2351308362155746,44.844258297932555,0.7386602588319227,117.14734493485399,0.38445455469704976,3.304975346302716,5.912284207841108,76.14668472073822,0.9186858946662976,53.3905988077036,0.7146068617891659,2.125380541023289,12.263722015137803,1.9063952633162669,66.34932757549004,3.1797183233215347,0.9556860890961508,8.1552330010909,0.5192370563227015,0.5219348848970221,3.0,41.0,15.0,107.0,0.243,41.0,0.0,108.0,0.38,1.0,3.0,56.0,0.946,36.0,0.0,3.0,0.0,2.0,62.0,7.0,0.899,3.0,0.0,0.0,1.0
4.0,58.0,32.0,173.0,0.15,55.0,1.0,174.0,0.316,2.0,3.0,94.0,0.968,83.0,2.0,7.0,10.0,4.0,87.0,4.0,0.956,12.0,0.25,0.0,3.3041284660506083,45.48635004286689,17.55278561309853,121.077492546855,0.2294867165651918,43.16256008626336,0.5921020368701412,113.36918899061087,0.3814613018493872,3.35933437259233,6.138541517788188,74.12302953659238,0.913673075467646,50.859070622252275,0.6772478669875878,2.518210766491997,11.208899692218516,1.8100980112315856,64.03484159460547,3.227601672525286,0.9532630152614424,8.040891669394279,0.520641553900506,0.5228041039698812,0.0
3.0,32.0,17.0,115.0,0.13,31.0,0.0,101.0,0.307,2.0,9.0,59.0,0.847,33.0,2.0,1.0,20.0,4.0,66.0,4.0,0.943,11.0,0.0,0.0,3.6378013285948834,49.53288888419885,19.421937098749357,132.83653738290906,0.2266260128988683,46.57898282467495,0.6827139774062561,126.01319838728467,0.37311714244665256,3.2886331866161687,5.966304556744512,80.27074710821387,0.920955237549982,55.45360912936,0.8235959010260407,2.499094322618208,12.669356209845152,2.023507185381386,70.50022242719952,3.1828196828102313,0.9565457614878043,8.768092012739936,0.5155446469915417,0.5131394712868769,0.0
3.9040234696957175,52.97744282005421,20.265223231377792,139.04013493988418,0.233971365558598,50.08653095934595,0.7344368825289805,129.21987754465064,0.3883382269537429,3.2322239810085516,6.8472070912818275,85.28887349875585,0.917096417679924,56.650718402185504,0.6626359259683229,2.3192648326796386,13.999164267303588,2.1217738963651063,74.804905626562,3.147090204860505,0.9588871885385848,9.26600284408007,0.5135352778014857,0.5157145931932132,3.4736842105263164,50.894736842105274,12.421052631578947,130.78947368421052,0.2968947368421053,46.94736842105264,0.0,113.57894736842108,0.4145789473684211,2.578947368421053,4.421052631578949,79.6842105263158,0.9452631578947368,60.842105263157904,0.4736842105263158,1.4736842105263157,19.684210526315795,4.052631578947369,64.10526315789474,2.8947368421052637,0.9624736842105264,11.31578947368421,0.6447368421052633,0.5263157894736842,1.0
3.7880197731898813,60.995638266938066,22.127653387612682,151.37132887467288,0.2558470485606281,57.10526315789475,0.8141901715615004,139.11776679267228,0.4139066589124745,4.678394882233206,4.481826112241931,86.63099738296016,0.9413710380924688,67.01744693224775,1.4972375690607735,1.6022099447513811,10.450130851991858,1.6022099447513811,75.3216051177668,3.232916545507415,0.9601389938935736,6.696423378889213,0.5910148298924106,0.7880197731898807,3.728300247494456,50.076372206350314,19.45661414893098,130.38758111157802,0.2357058819814557,47.174486373139466,0.5916777398433596,121.50428076416868,0.3902674255902157,3.688377841029444,6.2835392086681106,81.25306727898736,0.9204537332676982,52.14558854023849,0.5338333849273675,2.482276915809919,13.487802903397995,1.8014197907690048,70.76086785891076,3.5891008585463635,0.949374312851964,9.183606035479473,0.5160195415044795,0.5177752436431616,0.0
3.0,41.0,22.0,119.0,0.16,37.0,0.0,97.0,0.381,3.0,10.0,65.0,0.846,50.0,1.0,1.0,12.0,0.0,66.0,3.0,0.9570000000000001,7.0,0.0,0.0,3.5873511610288435,48.992075232018614,18.278356612836724,127.46052782130802,0.2415993076581285,45.847112030416746,0.4771694210560652,110.75226458876296,0.43273149929932253,3.5551550003534085,6.055505600918878,78.28074555842933,0.9213030217664452,51.363658047115145,0.4305197746557583,2.5926585461982,12.649829000937256,1.9518959194657928,67.09949013165482,3.4750912476285105,0.9484971876257784,8.88323980466777,0.518012190484451,0.5194281088410949,0.0
3.6669306962276713,50.98300869235652,18.417525901360463,130.9952742078263,0.2482639484789027,47.520900820817154,0.7606980342982934,117.07275677199051,0.4225825033107714,3.7322938184204943,6.420352292991384,81.29191159503199,0.9201788311001784,52.460779441059714,0.5504943475896487,2.5798643123476723,12.524509152752929,2.2656736060219123,69.88171068292598,3.67782042684592,0.9483505546114606,8.814406829634418,0.5120010239434211,0.5106063751482324,4.0,50.0,13.0,143.0,0.259,47.0,0.0,117.0,0.402,3.0,5.0,82.0,0.9390000000000001,58.0,0.0,2.0,14.0,1.0,85.0,6.0,0.934,9.0,0.25,0.0,1.0
3.0,30.0,19.0,97.0,0.113,29.0,0.0,96.0,0.302,2.0,6.0,57.0,0.895,38.0,0.0,2.0,8.0,3.0,61.0,5.0,0.924,6.0,0.0,0.0,3.538678360912655,49.31628213175683,18.397961747978574,128.5772219408608,0.2397215239606708,45.639403408527315,0.6144140202018824,116.36040433494446,0.4054466686409749,3.206867316144784,5.762610534128837,78.34111999474086,0.9265511458259468,51.64344580792646,0.6369353376130665,2.1849621205142618,13.779882388858931,2.3866439400384007,68.18385808718986,3.1628692853857863,0.9550845723650776,9.052520349738497,0.5147537868903471,0.5136273323257418,0.0
3.627187813761356,51.21459789429655,18.836602841960133,133.73759370179414,0.24130983745515944,47.75846688178832,0.6984907100141995,124.16764003211878,0.3969897890020919,3.1671776258877276,5.505218411456134,80.40633510938552,0.93127221177637,54.498882378149204,0.7065931465988738,2.270650299061638,13.761526726585073,2.1105036554942345,70.89521911761656,3.1316210843174943,0.9569162669082024,9.13332510659257,0.5093986345203062,0.5059638204589879,3.0,42.0,23.0,110.0,0.17300000000000001,41.0,0.0,109.0,0.376,0.0,6.0,64.0,0.9059999999999999,41.0,2.0,2.0,4.0,1.0,63.0,5.0,0.9259999999999999,4.0,0.0,0.0,1.0
3.0,29.0,25.0,100.0,0.04,29.0,1.0,101.0,0.287,2.0,7.0,53.0,0.868,32.0,0.0,3.0,8.0,1.0,61.0,5.0,0.924,7.0,0.0,0.0,3.5070786515942687,48.12959104976849,18.404252114731406,126.25870296113051,0.2340136556102838,44.851523649081926,0.5647267367345448,117.83605274919607,0.3901782231025833,3.457695946959014,5.509258650029032,77.09310546574208,0.9273799169118634,51.54085895771848,0.6720692578259928,1.9366027428292016,13.2830783565856,1.8978374322062117,67.29686178674953,3.358394420774097,0.9522454864340116,8.56351740153851,0.5126383424086265,0.5098613100038594,0.0
3.601333421241953,48.86967768879582,18.477912893295787,127.81948013270213,0.23653711703560204,45.55420509677336,0.5573819240220678,120.24251428462496,0.386782756426708,4.165235569089559,6.086170213328144,79.2290054872215,0.9228086471470291,52.383456941677245,0.6341347333927265,2.039301662613385,13.561062192540238,2.007948924878358,68.27669240125279,4.024537942514503,0.9452644257181692,8.757684519541055,0.512737689465057,0.513007680468675,3.6309963099631,49.78597785977861,19.8339483394834,132.1918819188192,0.2409409594095941,47.38745387453874,0.0,130.1291512915129,0.37422509225092254,5.2988929889298895,7.365313653136532,86.54981549815498,0.9138634686346864,59.767527675276746,1.03690036900369,5.4575645756457565,15.206642066420665,0.6678966789667897,68.9409594095941,3.527675276752768,0.953280442804428,12.911439114391145,0.6928044280442804,0.7011070110701106,1.0
4.0,53.21052631578947,22.57894736842106,165.89473684210532,0.1843684210526316,49.105263157894754,1.0526315789473684,164.8421052631579,0.29752631578947364,3.5263157894736845,6.052631578947369,92.7894736842105,0.9356315789473684,63.10526315789475,0.9473684210526316,1.947368421052632,19.894736842105264,0.5263157894736842,84.73684210526315,3.421052631578948,0.9604736842105264,11.894736842105265,0.5131578947368421,0.5263157894736842,3.4864881846730738,44.88389711079991,17.58249465927491,118.79728051880308,0.22443268125782756,42.10110965068787,0.4509307329485303,113.4011778604986,0.3754456035683103,4.465387727716093,6.672821340832069,75.52641211070271,0.9088028213111424,48.71167659222685,0.9754079796435572,1.8508631771222122,12.418572239563328,1.7249802723254943,63.65027734178249,4.2610948947925165,0.9386199406493037,7.959611371222824,0.5153308932561019,0.5155493202195607,0.0
3.9298892988929888,56.276752767527675,21.033210332103323,156.99630996309963,0.2318745387453875,53.57564575645757,0.7011070110701106,142.70479704797052,0.383269372693727,3.96309963099631,7.2988929889298895,84.6678966789668,0.9133800738007378,62.54981549815498,1.1955719557195572,2.3690036900369003,12.66789667896679,2.9298892988929888,75.91143911439116,2.03690036900369,0.970040590405904,8.3690036900369,0.7376383763837638,0.7011070110701106,3.5844644371256345,47.18556510610215,18.24458460684569,120.73388167391649,0.234201251280174,44.1404120028384,0.3648947314168888,112.68195161538756,0.3955046766527021,4.3765933823123655,6.745287801511188,78.05695771887446,0.9111601259668408,48.11396284906458,0.7893035598319957,1.5881022628136432,14.025752782306546,1.677033865531533,66.24756718371862,4.21127890504751,0.9408615094848672,8.519623011718451,0.5149162927636742,0.5176035247737308,0.0
3.6636840666865536,49.81921313208085,18.54914336406386,131.11956221206046,0.2339923070144905,46.78266822612596,0.4859741494125844,124.17123056339088,0.3837189358801455,4.013813940201069,6.783813389335196,80.85559905547272,0.9138688613289904,54.463781131936344,0.8294717077143472,2.168324792649481,14.532573513189313,1.738605629344801,69.57176985082957,3.890049711290324,0.9466574209308372,9.323613245567234,0.5095640992747932,0.5092305427329573,3.0000000000000004,43.10526315789475,15.0,104.89473684210527,0.2682631578947369,42.05263157894737,0.0,103.7894736842105,0.40631578947368413,3.1052631578947367,5.63157894736842,65.47368421052633,0.9175789473684209,39.6842105263158,0.5263157894736842,4.578947368421051,3.1578947368421053,0.9473684210526316,55.15789473684212,4.3684210526315805,0.9316315789473684,6.157894736842105,0.5263157894736842,0.5263157894736842,1.0
3.5372377667743344,49.191844319322975,17.44177311812787,126.61450637066142,0.25070955601390954,46.35278384101938,0.3933854673413135,120.79946172612331,0.3910724788837047,3.9209349026173017,6.604397438087678,78.76731557799316,0.9132821707736156,51.74822500565226,0.7717138887728728,2.4571341098126602,13.689074262431431,2.1594231484237145,67.6478641410122,3.8107229960272138,0.9462313439600673,9.211820536790682,0.5127556618709854,0.5124856551303935,3.0,35.0,18.0,121.0,0.14,35.0,0.0,109.0,0.321,1.0,4.0,53.0,0.925,52.0,0.0,2.0,8.0,0.0,67.0,4.0,0.9440000000000001,6.0,0.0,0.0,1.0
3.815780546945153,51.56064916619275,19.542496746668466,136.66003648255568,0.2381969808324029,48.36020844541137,0.7093431906243369,132.18281833033942,0.3766366816286961,3.5551457564740683,6.679729050385842,83.49200749476503,0.9168564880611728,57.398597783071395,1.0958072611755845,2.8812194755782836,14.83068284687157,2.119043165970891,72.7460805064667,3.4659206720566,0.9525614321059228,10.223819786745732,0.5113289208459707,0.5151192233088808,3.4710671706891536,49.14132015120675,9.673160802558883,111.06746147135796,0.362565280604827,45.79877871474266,0.8723466123873219,110.6525152660657,0.4186152951439372,4.180866530968306,4.922070369293398,82.29892410584472,0.9377554521663276,48.88543181157314,0.0,1.9738296016283805,19.535911602209946,2.3169526025007268,57.84297760977029,1.4158185519046236,0.9785402733352718,11.478627507996508,0.9057865658621692,1.0,1.0
3.4736842105263164,49.63157894736843,19.0,127.63157894736842,0.2386842105263158,47.68421052631579,1.4736842105263157,117.42105263157896,0.4095789473684211,3.0526315789473686,4.947368421052632,78.26315789473685,0.9374736842105263,62.10526315789475,0.0,1.4736842105263157,8.842105263157897,1.0,62.684210526315795,3.421052631578948,0.9505263157894738,5.894736842105262,0.6447368421052633,0.5263157894736842,3.850845254666512,52.33551827238102,18.938336682944147,134.32042524537906,0.25418829102336865,48.8827077774646,0.664487378048503,130.5050679127939,0.3847903643711142,3.5296221966440915,6.991140139747625,84.03950993828991,0.9135678456051838,55.10874932301986,1.1677331330848746,2.4329822883762025,14.131596841213273,2.3067622976495383,72.86453807971725,3.487434404765111,0.9520037578594324,9.43988528889695,0.5116770514795704,0.5172504006277863,0.0
3.6889490036030255,50.70940286225454,17.868495475492814,129.19207974010453,0.2601912535111192,47.713291122189034,0.7383422778119023,123.08830933620422,0.4004229495930957,3.5390076405305733,6.622286617997602,80.76724000476739,0.9157631503782828,52.15378577069517,0.9455404188960184,2.3505957334996985,12.404078903685862,2.0581155362552006,69.99610060911071,3.474803482562933,0.9507712498541804,8.504946206926856,0.5144624660876317,0.5189753352860385,4.0,54.0,24.0,155.0,0.19399999999999998,51.0,2.0,158.0,0.32299999999999995,3.0,3.0,82.0,0.963,67.0,1.0,5.0,8.0,0.0,88.0,3.0,0.9670000000000001,9.0,0.25,0.0,1.0
3.5263157894736845,48.42105263157895,17.947368421052637,128.05263157894734,0.2156315789473684,46.89473684210525,0.0,127.57894736842104,0.35568421052631577,2.526315789473684,6.000000000000001,78.05263157894737,0.9176315789473684,52.73684210526318,0.5263157894736842,0.9473684210526316,14.31578947368421,2.473684210526316,68.89473684210527,3.947368421052632,0.944,8.105263157894738,0.3947368421052632,0.5263157894736842,3.748118454793541,49.95372536070374,18.584325311738738,130.79747738293767,0.2463385827895364,47.1571100612364,0.7981277331830299,126.39542971829799,0.3857452839316757,3.6266995792441055,5.943251565717945,80.82152841089444,0.9247687695976928,53.285901259320525,1.4064311379705805,2.2038094804330424,12.567496584447493,1.7667300354829751,70.56751520173144,3.574708610866272,0.9500839019860629,8.448940395725604,0.5142143049444133,0.520371667883597,0.0
3.4736842105263164,48.94736842105264,14.05263157894737,129.31578947368422,0.27110526315789474,44.3684210526316,0.0,113.8421052631579,0.3893684210526316,1.947368421052632,3.947368421052632,77.78947368421053,0.9495263157894738,54.842105263157904,0.5263157894736842,1.4736842105263157,17.157894736842106,1.0,68.15789473684211,3.3684210526315783,0.9587368421052632,10.052631578947368,0.6447368421052633,0.5263157894736842,3.986203320608331,52.685126043344546,19.784449627171192,140.2649982094405,0.24103919111423835,49.93991674376039,0.8465296879847181,137.20061707924538,0.37665499871727337,3.777770933078561,5.934024956774316,85.21963822947538,0.9283261006428908,56.925055430299615,1.5193170283403483,2.0849721889490582,13.290362574001255,1.710998104471176,74.90382851408395,3.765696369056293,0.9506685189207776,8.653837398189495,0.5105100494226125,0.5114925714046176,0.0
3.0,36.0,22.0,120.0,0.11699999999999999,33.0,0.0,116.0,0.284,1.0,3.0,57.0,0.9470000000000001,44.0,1.0,0.0,18.0,5.0,70.0,1.0,0.986,9.0,0.0,0.0,3.7986796299898726,48.45167729385218,19.375087534320137,129.22610937291986,0.22727109443613566,45.758097699554604,0.9557735532977184,127.12470557243677,0.3696751496707714,4.0201819738263085,5.185981563020194,80.02388777227321,0.9347491100654376,52.075543539172045,1.3204929918249224,1.7885982117701875,13.865638692089107,1.4857342108333884,70.00831415164122,3.9903878699471567,0.9420648449193042,8.65961276008785,0.5135154648834981,0.5143111631707038,0.0
4.027073607104078,51.047485086017296,20.984829532925747,136.56774870724902,0.22298690210940467,48.2155989546994,0.8741254191854853,134.77580553030788,0.3661946904515439,4.106401422073263,5.250685608226006,84.11191056374462,0.9367480316347792,54.79289290009041,1.2695674144936906,1.538607912925335,15.212010948835445,1.4834432753235405,74.08929151651816,4.092278016857905,0.9440937956820654,9.094558863656273,0.5119465435028387,0.5165934722146137,3.5955898512856828,59.043149129447386,19.410344069741885,143.71062977705063,0.2788386608385631,54.39342140607067,0.6153695880442479,123.21638055236748,0.4647218627139752,4.268540450782642,5.0967497741202905,83.3023857781251,0.9322452443163779,62.86188371468339,1.1316207174427977,2.187736563209689,10.8286000341872,2.187736563209689,68.89401968205904,3.1760396571512297,0.9557095553222142,7.503137896510464,0.6908866694342017,0.8397841322556225,1.0
3.8318305302725313,48.477158404893764,19.737078652180053,130.5868409700283,0.22204891465298265,45.433223017424716,0.9780943567689224,120.32106628328657,0.4030664127261964,4.196230742845469,5.323092091037388,80.20866654793612,0.932743873398602,52.961313669889954,1.028227118592484,1.4462255227471812,14.061144770842473,1.4815881114630056,69.00974811388285,4.154776913644119,0.9388833300411716,8.436258573214314,0.5146780865740381,0.5184416504975176,3.0,35.0,16.0,110.0,0.17300000000000001,34.0,0.0,57.0,0.596,3.0,3.0,58.0,0.948,46.0,0.0,2.0,6.0,1.0,55.0,3.0,0.948,5.0,0.0,0.0,1.0
4.053874011222005,51.55776474004276,20.467333914975146,140.1592763978141,0.223020020088726,48.622221636078116,0.8822170139685919,118.03912558748327,0.43560717175948205,4.609116638401483,5.361720473803418,84.0505993159221,0.9350134704804076,58.811068897137936,0.8327836195664516,1.4414407063952688,14.869859725739056,1.6901721188193504,71.46890692829425,4.625562839353323,0.9363544577181938,8.843536875728187,0.5128885144348769,0.5199383521945375,4.0,56.0,19.0,142.0,0.261,55.0,1.0,144.0,0.382,4.0,7.0,92.0,0.924,58.0,2.0,3.0,12.0,5.0,82.0,5.0,0.943,9.0,0.25,0.0,1.0
3.5263157894736845,52.57894736842106,20.421052631578945,135.31578947368422,0.23,45.94736842105264,1.5789473684210529,121.2105263157895,0.379421052631579,4.052631578947369,9.473684210526317,81.31578947368422,0.8775789473684211,53.15789473684211,0.4736842105263158,1.5263157894736843,12.000000000000002,1.0526315789473684,73.89473684210526,3.5263157894736845,0.9548947368421052,7.526315789473685,0.3947368421052632,0.5263157894736842,3.853571250346284,48.56079147839755,19.058071201251046,131.12600589676856,0.2297484567715534,45.983120731972456,0.8145732566443944,113.12005372591018,0.4254084130442227,4.433325940624644,5.0929040707044075,79.15935671280026,0.9325500908092288,54.89566201676776,0.774535335773977,1.5676089849093717,14.524471367104635,1.7490590249731504,67.25841256092932,4.376623005491395,0.9394481409161805,8.753234799684353,0.5154405464924775,0.5211504688998765,0.0
3.2988929889298904,46.50553505535056,11.158671586715867,114.2619926199262,0.3161217712177122,43.276752767527675,0.0,101.55719557195572,0.4302324723247233,4.210332103321034,3.8966789667896684,77.58671586715867,0.9503321033210332,50.56826568265684,0.2988929889298893,3.143911439114391,19.06273062730628,2.55719557195572,57.055350553505534,3.302583025830258,0.9460627306273064,12.675276752767527,0.7758302583025829,0.7011070110701106,4.0714514797858,49.844587364989785,21.22762284796691,137.6638281683027,0.2146921889842365,47.55675223531339,0.9598435204107468,123.7901214657898,0.4056754921707194,4.621044643695952,5.59538782799637,83.66029293711331,0.931295235093777,57.4861849535877,1.027441836324314,1.7598151199239318,15.30503234151403,2.54695301947754,71.45044485603405,4.60512626671453,0.9397630790877356,9.350281224064519,0.5115057813677398,0.5121294466442929,0.0
3.86783121279037,46.18331587118083,20.184146533886665,126.70530665881185,0.2091494621327511,43.84015732938809,0.9774771040210768,115.06809284644356,0.3975453724344341,4.3429854125420775,5.662278754638847,78.58372817911187,0.9209868883150456,51.8325746427172,0.8321852288328978,1.5153968479785014,14.176829713120634,2.262969902707213,66.64381020628325,4.270079076771292,0.9433788840222432,8.553553726850254,0.5143202978079428,0.5148254407878513,3.0,37.0,24.0,104.0,0.125,33.0,0.0,99.0,0.33299999999999996,4.0,5.0,54.0,0.907,34.0,0.0,0.0,4.0,1.0,64.0,7.0,0.9009999999999999,2.0,0.0,0.0,1.0
3.7029140979109143,45.65839296301762,19.31900559334795,121.35035075737171,0.2244737761847337,43.470462013914855,0.881739512116788,112.00461307892748,0.402912701497766,4.28780841979868,5.146354491057871,76.45244266353444,0.9272704915089132,48.06371850744194,0.6740420496504594,1.807523142801132,14.003201341596599,2.2029950077748186,65.3112504515247,4.208753199691052,0.9425267452598384,8.76841654180611,0.5165998446229435,0.517008993449127,4.052631578947369,47.26315789473684,18.052631578947366,137.10526315789474,0.20263157894736844,44.15789473684211,0.0,117.31578947368422,0.368578947368421,2.526315789473684,9.526315789473683,83.21052631578948,0.8775263157894737,44.05263157894736,0.9473684210526316,2.0526315789473686,24.21052631578948,3.4736842105263164,80.21052631578948,3.4736842105263164,0.9566842105263158,14.157894736842106,0.3157894736842105,0.5263157894736842,1.0
3.5693412728295195,43.16294059910804,18.95834283280787,114.25276673782987,0.21940303186346516,41.29076179060021,0.7141849873613929,104.9627272021242,0.4090401665308899,3.963078272854036,5.7786377699501,73.72608775869789,0.9138871797433246,44.901158666158906,0.5459557001761078,1.554057413607464,14.12261020289314,1.7843659495396165,62.39169437329746,3.869041397079559,0.9454670851320792,8.582390733715307,0.5184461387944583,0.5187775381989778,5.0,74.0,29.0,173.0,0.26,74.0,2.0,154.0,0.48100000000000004,3.0,11.0,107.0,0.897,70.0,0.0,0.0,10.0,2.0,92.0,3.0,0.968,5.0,0.4,0.0,1.0
3.0000000000000004,39.36842105263159,15.63157894736842,98.94736842105264,0.2477368421052632,37.31578947368421,0.0,95.8421052631579,0.3912631578947369,4.2105263157894735,6.000000000000001,69.26315789473685,0.912842105263158,40.473684210526315,1.4736842105263157,1.4736842105263157,10.315789473684212,1.0,53.526315789473685,2.8947368421052637,0.9533684210526316,6.63157894736842,0.5263157894736842,0.5263157894736842,3.4611538697520716,43.522023577076006,17.896134365471934,113.57466232544307,0.2314378531280596,41.315519924961706,0.5784740828707834,103.1696008404407,0.4135530588652836,3.5800489288891546,5.260636450439333,71.87791650020567,0.9214194901408366,45.06995811826973,0.5322225226341192,1.6487975049441792,12.799160603497908,2.3153980753061285,61.55717554947216,3.5238834566206307,0.9487687222978824,8.021671391257259,0.5199415460497251,0.5202099722558002,0.0
3.0,33.0,25.0,101.0,0.079,31.0,0.0,99.0,0.313,1.0,5.0,51.0,0.902,38.0,0.0,0.0,6.0,1.0,60.0,8.0,0.882,3.0,0.0,0.0,3.37352639347602,42.61275358412697,17.57583871347257,112.71539567292393,0.22834437010368755,40.53549778117167,0.4685536695381942,104.86753636498592,0.3987265833085481,3.4898311477689665,5.2111108671674735,70.29096311837637,0.9210897560038652,46.17677016716475,0.4310907322822883,1.6255237902024788,11.927238087913627,2.075449874803418,60.231187491055366,3.4043343567350686,0.9497427566654268,7.567511114911666,0.5211527662108203,0.5213701866408464,0.0
3.682579921593752,47.39669483110024,19.16655053412078,124.6903827178243,0.23016907878545526,44.9640905612026,0.3795216901058529,118.23372265626371,0.3921680328669444,3.68677823259949,5.160995984786815,76.79617567572593,0.9270631574010079,51.22356828710033,0.5291909661643133,1.7966873088469406,12.401098948673756,2.261128543099308,66.82776437748824,3.6075263075793655,0.9506917051873776,7.979715403708023,0.5161333582655785,0.5123091609341767,3.4475138121546967,46.06804303576622,16.974411166036642,117.59697586507707,0.26654696132596684,44.076184937481834,0.0,116.42483280023264,0.3916065716778133,6.665891247455655,8.712997964524572,83.19133469031695,0.8923852864204711,52.85635359116023,1.0261703983716195,4.452166327420762,13.401861006106426,0.7644664146554231,59.36231462634488,2.7926722884559467,0.9590145391102064,10.901715615004358,0.7821314335562664,0.7880197731898807,1.0
3.5528817336390954,43.74109724947047,17.62481080166603,113.32850893233251,0.2383874609204093,41.47069779948313,0.3074081193150703,108.25869985623886,0.39734642614800136,4.276326745701828,4.670376474661845,71.76459183023981,0.9317414461623176,45.830757556435096,0.6086495854800817,1.5553018258001983,11.224817567568843,2.011498716838532,61.5501634985179,4.1021268277976235,0.9403696442929234,7.153518497637192,0.5180681395781912,0.5149705845762411,3.0,18.0,18.0,79.0,0.0,18.0,0.0,86.0,0.209,1.0,6.0,43.0,0.86,30.0,4.0,0.0,6.0,0.0,53.0,10.0,0.841,3.0,0.0,0.0,1.0
3.8278479470474784,45.520377700433386,19.82620677502789,124.64665791580076,0.21951289999576826,42.821332722258134,0.2489976572927652,120.36015171360971,0.3755695167708639,4.7038460314144475,4.733008074800841,76.24954354019259,0.9347207202954736,52.14322911777627,0.8730193774299784,1.4597897052063795,13.4722145545379,2.109318849685347,65.84584713188728,4.5527452524060354,0.93799929340723,8.184401506575668,0.515635071453692,0.5171262812483846,3.8278479470474784,45.520377700433386,19.82620677502789,124.64665791580076,0.21951289999576826,42.821332722258134,0.2489976572927652,120.36015171360971,0.3755695167708639,4.7038460314144475,4.733008074800841,76.24954354019259,0.9347207202954736,52.14322911777627,0.8730193774299784,1.4597897052063795,13.4722145545379,2.109318849685347,65.84584713188728,4.5527452524060354,0.93799929340723,8.184401506575668,0.515635071453692,0.5171262812483846,0.0
3.670550469114165,44.09144808889899,18.74918388582995,118.54354583483713,0.22853581427812295,41.335219341562684,0.4916979278281058,115.33151931004623,0.3761113305190608,4.400102988783433,4.6637337361025635,73.83203239760057,0.9325436953051636,48.70587642841678,0.977149911314452,1.182418432183449,13.05247679661052,1.9885433787992264,63.775052343256995,4.237710900671903,0.94127956045742,7.699345583435793,0.5176644900359976,0.5188723584989744,4.526315789473684,66.94736842105263,28.842105263157894,178.78947368421055,0.21105263157894735,62.894736842105274,0.4736842105263158,179.78947368421055,0.3486315789473685,2.526315789473684,6.684210526315789,101.36842105263159,0.9358947368421052,81.42105263157895,2.526315789473684,5.421052631578949,18.42105263157895,4.526315789473684,93.31578947368422,3.4736842105263164,0.9638947368421052,14.63157894736842,0.4342105263157895,0.5263157894736842,1.0
3.543141702013234,42.4040176180405,17.826808701133114,114.41013658407995,0.2275239763852427,39.781476716569955,0.5782781606668153,111.70841183273878,0.3704799930584633,4.33408125593979,5.947666428771957,72.41389973886234,0.9118597149311908,47.481719764655296,0.8914886191724225,1.04775451418953,12.96250325485559,2.080723159572962,61.177707226285456,4.182544020520156,0.9388263635256434,7.4764626138379775,0.5193082908324279,0.5202866567616263,4.0,57.5608856088561,22.365313653136525,155.23247232472323,0.2322029520295203,52.38745387453874,0.6642066420664207,145.3431734317343,0.3788819188191882,3.7011070110701114,6.771217712177122,93.23616236162366,0.928018450184502,57.162361623616235,0.5977859778597786,1.2287822878228782,19.195571955719554,0.7011070110701106,80.40590405904061,3.634686346863469,0.955870848708487,10.826568265682656,0.6005535055350554,0.7011070110701106,1.0
4.0,48.0,20.0,120.0,0.233,47.0,0.0,107.0,0.439,4.0,6.0,83.0,0.9279999999999999,44.0,0.0,1.0,24.0,2.0,82.0,4.0,0.953,13.0,0.25,0.0,3.4399420375032648,42.86726657515313,17.769713531390245,114.19220484453292,0.2297544801173459,40.07300388379103,0.4684023916859925,108.43372660429785,0.3832091324811049,4.310605193754176,6.147615118222183,72.71526679320903,0.9103963302247192,46.97017942214371,0.8121036729544402,0.9386782592756034,13.45964084110276,1.9853832268921172,61.37394806572243,4.107858672874017,0.9409994121749832,7.575937359397159,0.5206397509397097,0.5214322224047434,0.0
3.5263157894736845,41.105263157894726,19.736842105263158,117.36842105263159,0.1652631578947369,39.526315789473685,1.0,115.73684210526315,0.33594736842105266,6.2105263157894735,8.05263157894737,74.05263157894737,0.8864210526315791,44.10526315789475,0.0,2.473684210526316,13.789473684210527,1.5263157894736843,66.26315789473685,4.473684210526316,0.9361052631578948,9.105263157894738,0.3947368421052632,0.5263157894736842,3.3563512519442034,43.932508844277145,17.313458144213218,117.65576044154587,0.23359121144130054,41.11915565354683,0.3794040224894944,109.3713387219557,0.3868094747700984,4.171587216006196,6.12956785747797,73.06937372101535,0.9121010641589185,49.02588955999135,0.8378045280401341,1.1603341588807583,13.042300102318626,1.908158752318656,62.07291297127856,3.9773627174423014,0.942829563236948,7.606509918872155,0.5217182214641702,0.5223601201113135,0.0
3.288643334133404,41.82529544159599,16.903893959364765,112.60107787003356,0.22890879966737346,39.15648187598693,0.3073160019433279,105.68072004861678,0.3806355669714971,4.238986819533449,5.604940821916532,70.36614560504496,0.9145319043308148,46.530927064046715,1.0486253416728737,1.029868395075184,12.324250569476408,1.8356073250291896,59.599016394303725,4.071665444535649,0.9364718354262259,7.131264752220383,0.5225917746093308,0.5231117103880779,4.0,52.0,23.0,136.0,0.213,48.0,0.0,132.0,0.364,4.0,8.0,83.0,0.904,57.0,1.0,3.0,10.0,3.0,74.0,10.0,0.8809999999999999,8.0,0.25,0.0,1.0
3.23380032649423,42.4984988105079,15.572135308224874,108.44681443390729,0.26100658081695755,39.756758792948155,0.5289290898237529,102.54133892445208,0.3998650806871975,3.813573318763228,5.490000443275111,69.33656340669317,0.9159608626788734,43.250004608978884,0.939384984738207,1.224196143105709,11.142626281684409,1.8568422330217056,59.115196449872535,3.678043453778128,0.9420322651852484,6.746319015475173,0.5232993474215257,0.5237204940078211,3.23380032649423,42.4984988105079,15.572135308224874,108.44681443390729,0.26100658081695755,39.756758792948155,0.5289290898237529,102.54133892445208,0.3998650806871975,3.813573318763228,5.490000443275111,69.33656340669317,0.9159608626788734,43.250004608978884,0.939384984738207,1.224196143105709,11.142626281684409,1.8568422330217056,59.115196449872535,3.678043453778128,0.9420322651852484,6.746319015475173,0.5232993474215257,0.5237204940078211,1.0
3.1893777565410457,40.83376500225922,14.363415779391172,103.52186338050406,0.2676254061401353,38.12295594169454,0.4284314136857775,98.24843544455798,0.3982706971267493,3.9889963939525495,5.406899408891296,66.2525810977498,0.9121182548342348,41.37248226603677,0.7608997968719948,1.1915985032003615,9.42550765495406,1.5940392039073452,55.803271256469145,3.7892164686915546,0.9409861228386572,5.86450832007782,0.5238724779645023,0.5242136057844821,3.1893777565410457,40.83376500225922,14.363415779391172,103.52186338050406,0.2676254061401353,38.12295594169454,0.4284314136857775,98.24843544455798,0.3982706971267493,3.9889963939525495,5.406899408891296,66.2525810977498,0.9121182548342348,41.37248226603677,0.7608997968719948,1.1915985032003615,9.42550765495406,1.5940392039073452,55.803271256469145,3.7892164686915546,0.9409861228386572,5.86450832007782,0.5238724779645023,0.5242136057844821,1.0
3.533399168913728,45.645394214190816,16.304384757371963,118.4628477124483,0.2602565107273164,42.69963669918484,0.5470305434779342,116.00139712714285,0.38406913314648494,4.09108802461168,5.62959058363113,73.78466044668008,0.9169758314036272,47.171764344886206,1.096331942033268,1.155194450440267,11.174677400250957,1.8611742292058349,63.29071906189274,3.9192665440842527,0.9436187838814052,6.710259572092795,0.5203366744048014,0.5246130243846007,3.533399168913728,45.645394214190816,16.304384757371963,118.4628477124483,0.2602565107273164,42.69963669918484,0.5470305434779342,116.00139712714285,0.38406913314648494,4.09108802461168,5.62959058363113,73.78466044668008,0.9169758314036272,47.171764344886206,1.096331942033268,1.155194450440267,11.174677400250957,1.8611742292058349,63.29071906189274,3.9192665440842527,0.9436187838814052,6.710259572092795,0.5203366744048014,0.5246130243846007,1.0
3.432052566545923,43.332751964691674,15.436545143178394,111.21485227462485,0.2637778001048658,40.75669115089929,0.5430947106915969,107.9110709815953,0.3956260845457076,4.003780644979631,5.989971076216053,71.03555433877678,0.9072803507041216,44.0591057690536,1.2580300860617262,1.1257072836520423,10.411482968929617,1.7075499732100234,60.16545899529599,3.81460511556714,0.9433412128616772,6.3053072155545244,0.5214727147901499,0.5249365521785425,3.432052566545923,43.332751964691674,15.436545143178394,111.21485227462485,0.2637778001048658,40.75669115089929,0.5430947106915969,107.9110709815953,0.3956260845457076,4.003780644979631,5.989971076216053,71.03555433877678,0.9072803507041216,44.0591057690536,1.2580300860617262,1.1257072836520423,10.411482968929617,1.7075499732100234,60.16545899529599,3.81460511556714,0.9433412128616772,6.3053072155545244,0.5214727147901499,0.5249365521785425,0.0
3.3499620800878853,42.61952475754924,15.163599907451134,110.62402675235624,0.25894998874924724,39.962915008930175,0.5399066962885553,105.01794991534264,0.3961971319519334,3.6130599482597856,6.011876704842278,69.49878967641838,0.904937069831636,44.2478768199811,1.2090040718085169,1.001822146982993,9.933298299193526,1.6631152082968867,59.39401709860322,3.479828109371689,0.9478264096717908,5.9472966691852776,0.5123928438071288,0.5151985480926494,3.3499620800878853,42.61952475754924,15.163599907451134,110.62402675235624,0.25894998874924724,39.962915008930175,0.5399066962885553,105.01794991534264,0.3961971319519334,3.6130599482597856,6.011876704842278,69.49878967641838,0.904937069831636,44.2478768199811,1.2090040718085169,1.001822146982993,9.933298299193526,1.6631152082968867,59.39401709860322,3.479828109371689,0.9478264096717908,5.9472966691852776,0.5123928438071288,0.5151985480926494,0.0
3.6634708279238857,45.28182815715497,16.352521776767187,117.70549652355892,0.25524947267339104,42.459973447457536,0.6173248050364357,113.94458336725364,0.3873196331870749,4.076580839485018,6.969624844844464,74.57404461769892,0.901019007279388,47.45079598857118,0.9792921675502788,1.211476970952285,10.105972472228462,1.4471222556289034,62.90917115103797,3.9486630761409067,0.944359374769818,6.247311778678693,0.5110381968163632,0.5173108343514673,5.0,59.0,29.0,182.0,0.165,59.0,1.0,179.0,0.33,2.0,7.0,102.0,0.9309999999999999,73.0,3.0,1.0,26.0,3.0,96.0,2.0,0.98,14.0,0.4,0.0,1.0
3.7274116255326266,47.3082888862341,17.28554635889243,123.30147449369949,0.25144205768633604,44.55258683511152,0.6800333420811099,120.6851394002085,0.3813088789183156,4.162030820648312,6.895395828393452,77.7149886624115,0.9061854164933492,49.12515142593478,1.2732278275559226,1.0812958274751296,11.185842007646285,1.5521694458535116,66.15644157831002,4.048417489367397,0.9448210954043048,6.660324187296008,0.511440941026884,0.5190217826457664,3.6002295426241115,51.304559107225714,10.729750189250568,111.53937632780641,0.3690204879001733,47.55727576860149,0.6593245586188371,110.98156333178676,0.4318957290420258,3.648311396547093,4.94110033943005,84.91206563942272,0.9397687235964932,49.64599155087789,0.2441942809699397,1.7360259822714952,18.184073648995145,2.97213743254133,58.85809870332837,2.2910551634880707,0.9654660447852312,10.629166564919052,0.8677443774266806,1.0,1.0
3.5892029703716783,44.85970609077338,15.871287983714641,114.45416576976014,0.2617481000066784,42.13758753781347,0.6508269127709534,112.11493523887121,0.3881302139516046,4.1712449944799666,6.265268586162809,73.12912600767459,0.9116302049421744,45.28136024245979,1.22131437267898,0.9758492797420107,10.24052897354514,1.4472569123529635,61.98670421332334,3.99921800751036,0.944685086838282,6.084860733396701,0.5142671713583692,0.5204076484183722,3.5892029703716783,44.85970609077338,15.871287983714641,114.45416576976014,0.2617481000066784,42.13758753781347,0.6508269127709534,112.11493523887121,0.3881302139516046,4.1712449944799666,6.265268586162809,73.12912600767459,0.9116302049421744,45.28136024245979,1.22131437267898,0.9758492797420107,10.24052897354514,1.4472569123529635,61.98670421332334,3.99921800751036,0.944685086838282,6.084860733396701,0.5142671713583692,0.5204076484183722,0.0
3.6672546101598966,46.68636671150304,16.125743932386552,118.36788451057785,0.2650959697623965,43.92145057166031,0.9071704698595652,116.20310823687595,0.38786547260831866,3.878707680342057,7.254870143282053,76.02459963987575,0.9035004447382344,46.56790516159418,0.9892640348983944,0.9804379285935084,10.324828689073422,1.6422786091220611,64.21923625240201,3.6893657756062326,0.94979493370478,6.088737204190969,0.5140564082489881,0.5215301981551229,3.6672546101598966,46.68636671150304,16.125743932386552,118.36788451057785,0.2650959697623965,43.92145057166031,0.9071704698595652,116.20310823687595,0.38786547260831866,3.878707680342057,7.254870143282053,76.02459963987575,0.9035004447382344,46.56790516159418,0.9892640348983944,0.9804379285935084,10.324828689073422,1.6422786091220611,64.21923625240201,3.6893657756062326,0.94979493370478,6.088737204190969,0.5140564082489881,0.5215301981551229,1.0
3.730476368177981,48.085960001647386,17.141854738075526,126.35800338229932,0.2533177105528455,45.166377600682104,0.7348077153998472,124.11453443387396,0.3750010055566849,3.441752295296061,7.646445645692736,78.6399312494242,0.901585356180456,51.60001384246178,1.3713046777003848,1.094154963093968,10.843112336241344,1.8302460716370943,66.85758695434119,3.25838536511927,0.9562739100279329,6.471877947158163,0.5138856903199789,0.5224394624321154,3.730476368177981,48.085960001647386,17.141854738075526,126.35800338229932,0.2533177105528455,45.166377600682104,0.7348077153998472,124.11453443387396,0.3750010055566849,3.441752295296061,7.646445645692736,78.6399312494242,0.901585356180456,51.60001384246178,1.3713046777003848,1.094154963093968,10.843112336241344,1.8302460716370943,66.85758695434119,3.25838536511927,0.9562739100279329,6.471877947158163,0.5138856903199789,0.5224394624321154,0.0
